Date,PF1,PF2,PF3,PF4,PF5,PF6,PF7,PF8,PF9,PF10,Residual
2018-03-12,0.25948219180447035,0.04987598543260949,2.4215729508400843,0.6097656426658118,26.834675708266662,51.26483733942314,-3.5186555831763844,4.736297042180583,-2.033543135960557,10.746750816037963,-30.02105895751438
2018-03-13,-1.7140390506358814,1.7912771235173723,-0.7727449661517715,5.638012924389998,-7.270753034294069,79.40278997947871,3.454897521407048,-3.901512282146296,25.04589927518701,-91.24820658223773,50.264379091485594
2018-03-14,0.7173686882716878,-1.3073373198431546,3.797902665912817,-1.939152952945829,163.40770471899074,-80.84750108742384,-9.999198370353273,8.368064934827832,-19.424046317924244,190.61771245474426,-192.501517414257
2018-03-15,-1.0067635242916368,1.3834208440402211,-1.5288403390605205,8.983139831927245,-4.560579781690719,72.30212563638175,-2.6577909722840976,5.581996343846046,1.2136177824173948,208.34690961960186,-226.89723544088756
2018-03-16,0.25034453333957446,-1.5152812861245595,17.968428205790463,-7.185738948346545,105.6387250708016,-50.88247170214448,11.772965917906703,-0.9453519240296969,239.22928439415585,-346.19233563824406,94.15143137689515
2018-03-19,-2.2002907944906474,29.698816811732716,-14.723823303486455,7.751460688110055,89.81757095726996,-29.126907480619117,-5.690202618957326,-0.3177591909988488,2.5220407818801234,203.34171846845234,-219.0626243188928
2018-03-20,-0.50267050529677,-0.29637653814629944,27.94354958621526,60.53021568157656,-36.44915673229807,38.89372702122261,-14.398921061660959,2.531492854006357,-179.51159047727876,3228.308227195706,-3063.678497024046
2018-03-21,0.807372410000046,12.73877648116696,31.970882608075076,55.11330821006875,-39.66609628756986,9.5842763241939,6.495583690927047,2.7389677007021223,1.3686835883255584,4923.744766131,-4939.796520856889
2018-03-22,-0.6123374374716831,95.37164261258117,-47.72789022009553,-26.29194807885402,45.891704062491385,-6.938231813949011,17.800069972923477,-0.7791680505483839,8154.327234268531,-3368.8399313077307,-4797.951144007878
2018-03-23,0.7605669882977477,-0.4029925823236903,33.95385479508135,61.00666745630262,-37.993278721920305,33.806000357631376,-12.811260092947226,8.438796775987973,9081.344056853863,-4600.140897326179,-4502.161514503794
2018-03-26,-0.2588874563325529,33.82000408292255,-16.614296233701268,61.347990716291974,-18.899979746383806,20.57225411847719,3.0511173828696743,18.362666411469426,-8.655345924010193,6447.75062827949,-6474.986151631093
2018-03-27,0.5952478746874459,-0.412637608332488,18.82262375510104,-6.103308383045807,74.38821397880336,-13.730010645858021,29.704765063559382,-0.054899944285563086,7730.414250375395,1316.2652760758435,-9084.679520541868
2018-03-28,-0.35250319378869915,8.603123932292187,-13.142582798784767,179.323672875918,-80.64641882273158,42.42551065369274,-20.474979289687322,-12.36211855710467,16957.148691922717,-8885.426857512937,-8110.795539209585
2018-03-29,1.346312623728921,-0.7868872728015178,80.15283643922672,-68.99451930586247,94.80187304408767,93.88209059365165,-105.37761746593618,20.650576383795915,6199.838678453056,2203.886480763639,-8454.529824256586
2018-04-02,-1.7603407353139877,200.1368189866989,-99.77845700935862,161.67725277359725,-117.8448250846256,62.44460901256736,-92.74387565749366,18.428673425782602,-1697.1849183334261,9384.879439888775,-7755.204377267203
2018-04-03,0.42837781905618455,-0.6566153725552829,273.18652639268515,9.975701825064663,-81.88838464977405,-13.851565092811802,-14.80425059706588,-41.37029208397718,-176.1469636120257,716.579330916611,-608.0418655452071
2018-04-04,-0.13738695448679722,813.6155220202066,-408.1358240400183,-180.64687807362213,88.79325606387343,-129.42659194773833,3.9420578242146975,-58.4535773319398,144.53705262992267,-845.1099027387588,634.3722725483468
2018-04-05,11.364892482611618,-18.28249186459725,322.65411210272475,-114.07818010266806,114.5798935862917,-130.60354099952764,-19.574667315775624,-21.762498761241506,4.902443960452699,140.96372098456524,-226.63368407283593
2018-04-06,1.0263707316511301,89.47050670212116,8.097435901170678,76.860562827251,-114.27715716217641,106.93798335355186,-23.722510256650676,7.746540882920115,-87.03748166205936,561.1849666675896,-564.257217985369
2018-04-09,-2.1132750060562313,162.9931815300177,-77.79190604635752,32.436969951128994,-6.77517076685822,32.022409957205966,9.983077178578746,-19.688946509933896,22.069816873852467,53.003960546324286,-142.7401177079023
2018-04-10,31.68743111223045,-17.03362167006589,81.66708003218268,-22.989922874496802,141.11663588229234,-79.532974118152,9.595735537590574,-38.60685684702052,163.60236962868942,-146.39157517672538,-57.63430150652488
2018-04-11,18.113814439246227,34.96360323661721,-21.154941475703826,28.834881216108606,-2.916096422901885,87.74501880894567,-16.612156558879022,-26.460672999903522,12.905011176016716,109.51160445618139,-158.12006587572756
2018-04-12,-5.044214912832705,20.851187001326263,36.35029393472227,-12.969604119717959,206.83143978579807,-101.49905871404314,-62.21896088159969,9.430257169915333,-74.0361283783732,169.4799732266885,-120.10518411188373
2018-04-13,2.948177312282566,-2.7349045211331346,20.669802372918348,17.41612394128634,-12.863322678883229,94.01070858462087,-85.7765818297175,35.64737071109868,-43.78491746567465,77.7100258043175,-35.8924822311158
2018-04-16,-0.7260881266158644,1.8552150624528838,-1.8859440073185536,20.8818132431842,53.20530000226979,3.0595850542704515,-29.579873708990718,7.563229990500248,97.6614071841865,-61.03507240348924,-24.769572290449688
2018-04-17,0.8369004024871304,-1.1259430347528963,3.981954447411146,-2.967624804367439,113.5008637091424,-47.62692117913489,6.671515464749078,-19.411291739708435,58.92703259768047,2.9446599481356612,-49.23114581164223
2018-04-18,0.9840268557416004,1.1248534753725723,0.3411400544076918,3.641685849319594,4.405722678257275,59.97206497451196,-25.403855791200808,12.42777690445351,-2.222386767080749,77.34836444904401,-64.17939268282666
2018-04-19,-0.09280521809211303,2.541748929828595,-2.37015875174015,7.243835884883812,-1.511907838506667,31.676797584762458,3.554166747266966,12.38017701616891,51.41779678125919,26.650026142811953,-63.18967727864297
2018-04-20,0.29275224491504886,-0.18186047149972673,9.613814632764818,-4.681873232612081,4.439279192087166,-5.959107996799364,51.729732375908334,-11.367071537598227,148.01034704749281,-68.05932690432442,-55.576685350334344
2018-04-23,-0.3976496598272755,0.29481655584846006,-0.2479290515948148,7.42371139942916,-0.7588705865743409,1.961866341903998,20.65525447274152,11.455136872950545,148.60282630247443,-67.64995540892318,-53.7292072384285
2018-04-24,-0.5334668038537158,0.3282658567890662,2.577357276846101,5.485337259547815,-2.6143221794707876,19.39872200673956,-9.973155819922905,40.72823210597679,44.30373971243036,34.97303877894844,-67.01374819403071
2018-04-25,-0.0748165571399456,-0.07231673655863975,6.308939272504098,-3.3981720789149676,4.141966410931183,1.9871029660324107,23.305037444961965,29.41097069067658,-7.910818378009481,98.26952381167224,-83.96741684615544
2018-04-26,0.13770083080483145,-0.3952413695877404,1.1283957073252173,7.874723846184347,-1.074518427514102,-2.412310359682741,59.28505279209979,-19.592951674957483,149.92934409969249,-67.13466068698837,-59.56553475737623
2018-04-27,-0.3936909545072401,0.25031241964929907,-0.3259280093127956,12.039077540317576,-5.922076892275699,35.84946428194197,-17.801616358940755,68.12537310613162,-35.353431384072465,185.21185516677284,-173.56933891570435
2018-04-30,0.4983571438539514,-1.0254403957860054,0.7923285480756246,-0.4200385640451119,8.52306084864863,-1.2911635377501087,151.08120795294457,-60.83926904028588,244.2232579600496,-118.59162622323063,-154.39067469247462
2018-05-01,-3.295600782876727,1.3342960684464351,0.4349342716209721,12.860784367397487,-8.108656678042422,238.1146754961025,-117.2248361640754,34.87522214209854,-17.54739720252717,588.2422597254043,-662.4056812435485
2018-05-02,0.1996154652165146,-1.4639074829442,-0.47810802083162574,-6.085095202651621,28.458992548401074,-14.314990163082765,257.6535858336181,-92.0806464954475,1459.2491721740018,-730.0967025424105,-833.1319161138694
2018-05-03,-2.211860193913828,1.1770196196627911,-0.9361245205312272,44.68889493709135,-23.75187768798796,391.4329341249466,32.057840672872196,-146.3620345701335,793.2154584579037,-103.80357805541831,-917.0566727844919
2018-05-04,-0.6154961490702765,0.1873648082456914,0.12087695901756186,-1.1743441887427297,111.31791480739761,777.9638584058482,-426.27522424652767,23.491764047027214,-134.48503113319964,502.0245546335177,-782.8462379435136
2018-05-07,1.0633562516038766,-0.46297761415846644,-1.5275677178657476,74.64364685674872,318.15603259618416,-329.44688207285657,403.06774810798413,-90.83884148104899,521.5517213552477,-200.56786951765855,-624.8983667641802
2018-05-08,-1.6844920000924322,0.3414740795013458,-4.093012243872722,165.36905061060315,411.2368323229573,-348.74612139386767,207.67789237854626,-130.0164218656554,724.1003214404934,-399.5200203096346,-555.8355030189787
2018-05-09,1.019704187744074,-0.281727417244582,-6.954762350337084,857.3057356709232,-306.4724810755221,-34.78775680187276,-163.19739530599654,10.90992412414731,343.342148432922,-84.70514626674746,-545.0182431980162
2018-05-10,1.1611163828652218,-0.35030354263375935,-9.95134592179466,1001.8431150047725,-500.53847576354576,51.261677162725704,-283.6778353902895,201.69120441956883,-85.46717394368979,249.8702100839989,-554.4821884919778
2018-05-11,-0.39424708588509466,0.3196797019197078,-11.298342153754604,549.4793365019717,-21.655768252194523,-102.33847439259807,-155.02807688873565,275.96286644508865,-177.85482609730835,264.4299550081997,-550.9321027867035
2018-05-14,0.041629768571441204,-0.0058244131994796035,-9.234447245296849,167.14767624902902,410.6681561064181,-579.4079411554563,524.3697652476419,9.567210004076543,-16.382290491872194,44.67319729926255,-480.42713136917473
2018-05-15,0.4736512045007782,-0.2712325593983732,-4.701537753228774,15.611740304714512,484.06459572178716,-621.6783588386771,952.9946056898856,-367.74711956228043,178.50943834667336,-269.67957571924353,-296.23620683473325
2018-05-16,-0.11154286310142733,0.2896524835845746,-0.6837808334713228,-7.360457857380155,241.6053426783289,-29.887856358697217,307.65123622963654,-56.78691346117329,222.82693912537306,-481.42102351248815,-124.69159563061152
2018-05-17,0.4009530480867542,-0.27051863161578815,0.9159376479384037,-0.7829332665248538,0.9539965604270648,325.65433521424984,-294.4933624389773,554.0871310339705,-887.5411585758491,491.2528738274022,-118.70725441910776
2018-05-18,-0.3914082424544159,0.24684582557812926,-2.3784102554777062,4.7583612811708225,-21.888425709099437,172.64926461014844,-102.3877910656685,656.0359808322402,-999.4273918939268,488.11535368645355,-124.10237906896418
2018-05-21,0.9874936395687091,-0.330672181125307,-1.4279359343681601,0.3191355792787492,2.218702195294482,6.892470244195205,1292.9677363202793,-637.6740429026775,17.15867412114571,-668.3174254399072,59.46586435831591
2018-05-22,-0.2794840313198339,0.762746640853137,0.2697037164419353,-8.761783129188542,19.042439646694042,-17.005914091005177,807.7093325204742,-107.4145065156162,-1013.1112005675864,131.90279554691995,258.9758702633328
2018-05-23,1.6544158910241447,-1.1506687686093808,-4.781932940795641,-2.5451437125525413,1.415994690432697,25.3247864771752,-14.998945556566923,663.6914351462364,-1729.6110923106596,861.8439804721932,271.00717061212254
2018-05-24,2.5130495475595724,-4.152814616824691,-20.54883634806296,13.90494649207884,-3.0428723562516935,24.561376422556155,46.80479351199196,196.40336584013727,314.7290619639885,-801.3570865512985,300.95501609412554
2018-05-25,-0.23465904886970743,-6.987909834101385,-4.032934662553126,-3.4579295893846442,17.350485332507223,-8.697035900176296,226.59128290767788,-110.87331220093606,339.9155464839152,-489.27493306945246,107.6213995813734
2018-05-29,-0.8960816077883651,-8.557059842563032,3.4901846959692024,-13.916796877626664,20.252030168670228,-8.899556845059296,98.76465598082176,124.28881650928419,-85.83371630671708,148.20624583952176,-210.0987217145127
2018-05-30,1.0553338983674698,-4.735376782340626,-13.250653999391666,-2.8910902194818284,8.063860122008297,9.545231910542478,3.051415700684874,237.0771360026034,-165.69200673835098,221.53429390790677,-225.5181438025482
2018-05-31,0.2847108711386101,0.25775993503495653,-31.541889744083978,14.872501365026412,-2.863909455520449,15.858086130212945,-4.026944087772666,94.34443260263322,14.863412941837996,69.19695439504044,-104.26511495354748
2018-06-01,-0.4585479068898216,0.80719699589039,-8.046942694589534,-13.354750766251808,1.0279245143337357,8.901436032138294,12.346709412126431,-1.899946805121027,217.69747186245723,-140.8302457527666,-10.380304891327285
2018-06-04,-0.7750840885554393,-1.550793357612767,0.7968038675827371,-23.627447673860633,10.325704749167665,-1.3443947585985583,14.971927243195116,-7.15828786619373,128.23682075120263,65.78179152795946,-120.89704039428648
2018-06-05,0.43111191783179154,-0.8753726304914075,-1.5438246957409822,-1.233138587418919,-12.282730044562642,6.460244781815259,0.7383470156775398,22.958510097882456,-15.070220929280906,620.3165491971079,-554.38947612282
2018-06-06,-0.5662871322317721,0.14049731923975345,-2.378339055841246,0.9032422307200269,-13.908370155340517,7.192692003260621,-1.4435919758192137,18.32595127950599,33.89751616150283,538.8889019281183,-516.3022126031148
2018-06-07,1.0005115221494583,-0.519769911610524,0.10611616579462764,-4.606043522213983,1.5346293010462768,-5.4649301069653555,2.277071596084431,-3.9390416608204086,188.05445221510138,-108.87010573127243,-3.6128898672934753
2018-06-08,-0.17329697651859766,0.47429369888555556,-1.1739227148462559,-0.23038629775846645,-5.274938514010034,1.2690399497768885,-0.8377072496707894,3.1686636770325176,72.65814817480009,616.1360174085316,-620.2459111562225
2018-06-11,0.14978841640336704,0.20224227518499707,-1.4295205294774782,0.7380877904589801,-7.4576373664988225,3.3891990813807413,-5.67358548558151,79.97164154686368,-109.91527903105374,2762.9890940987284,-2656.8640307964088
2018-06-12,1.4793117092394121,-2.183566375794419,1.2951465312199029,-2.088394726230249,-3.4728387794925237,0.11062214229869176,0.18520369121834124,63.43323186051045,14.406494893994491,1208.2513097117642,-1215.0365206587283
2018-06-13,1.760405978533409,-2.137449946833151,-0.16380182100981633,-2.172364354033052,1.1105440491813992,-4.521791645275926,28.59499967181493,-61.63703064016735,1042.8011307703662,-826.0657967248311,-110.93884533774553
2018-06-14,1.2408139173776043,1.5720775682648598,-4.841266634185689,1.4877841786418402,-8.199479614556274,3.433520751919071,0.10937368688750573,130.756256027967,484.3219300622394,708.3822449925202,-1251.3532549370757
2018-06-15,-0.749326896136092,1.1407494681442667,-3.1715825456819795,-1.5257623438018755,-6.588437565221244,4.409736051724664,-58.20031812006368,700.0206575544996,-782.3109780355112,8022.937690536489,-7810.952428104441
2018-06-18,0.41979031319756405,-2.8425205330182868,2.190144625104767,-15.115227948493615,7.598848030251069,-2.4585383091107187,124.73706648088492,-291.54632972392636,4680.306377319258,-3119.273036001942,-1318.1065742522055
2018-06-19,-0.7524731106308857,0.13106115882317312,-4.97693129324728,3.115434951342607,-11.58933701799668,15.786528102598508,-405.4464709803476,4241.34960546985,-3299.4584791914403,34468.09662170658,-34941.16555979553
2018-06-20,0.2488383900526692,-11.889543229576478,11.659499432727484,-22.754484434426004,14.71504952881754,-15.401889678591656,1605.7881117972693,-2673.6554110481247,44792.9344761774,17976.12881117636,-61611.8534581119
2018-06-21,-1.4947486763956737,17.489389871841134,-14.73235375005079,4.489602167307542,-29.051443684569925,393.43451099959435,-6536.1711179625745,57405.85545914717,63234.95198039937,-51189.31748545802,-63219.77379305366
2018-06-22,1.3928317721906722,-11.530581144878289,16.973281980280806,-71.73605531521817,82.37542834131267,92.30506812218236,-1049.7617340583733,194733.23498867577,-90284.33432410446,24735.900118996327,-128175.79902326515
2018-06-25,-3.1374074039580324,4.551151751466329,12.871272481300329,10.100719092883768,91.09848338039119,-2629.442025066838,78680.70246624923,121999.39013439766,-85092.04023392605,-14522.049584037937,-98482.13497691817
2018-06-26,0.015336412021547438,47.334024089631036,-25.007299453324304,55.25548400573457,-129.5194667434929,41343.20562807357,96977.98393937829,-20170.50173228448,61723.85232210534,-326474.08167601447,146726.69344043118
2018-06-27,2.6078744674992693,-0.17165763697873873,15.62331122795779,-60.89510884216931,520.8932108568993,246763.3855169707,-126429.28907240319,120065.92209940565,-74620.83899035899,-84657.62733076692,-81522.1998529205
2018-06-28,-1.7515029724351197,15.878286578065232,-9.089394075728206,2.9531887227690485,3192.157856238247,-2691.4171574637253,203280.8142039647,93936.54667973466,-254395.7531479108,340296.5888017286,-383553.47781454434
2018-06-29,0.3149556302321808,-2.169582342211803,6.839613322199808,127.56438050923204,2587.6589568322256,248715.43269996328,68966.85607464495,-107018.82957068717,228307.6952571198,-1723746.7277127316,1282129.494927739
2018-07-02,-0.23014335121252713,0.42134445233096324,-3.3730196534492194,115.485827347143,-223.96902584777598,565667.6686569528,-311099.11267940974,197048.58853887662,-2100401.555206264,-2261288.8894493827,3910258.85515628
2018-07-03,0.5195485554208855,-2.999804868669647,4.090925512219799,-198.70830083998806,19963.47482924249,-112752.18294985281,556593.7589077967,-210496.582925199,-5851776.555613761,1761442.3915862876,3837296.9837971264
2018-07-05,-0.6063749446386263,0.8550573147313403,-45.05868736338825,558.7771717206379,-9163.36759992919,74356.86641417956,800182.7268793572,-5904695.211770256,2885195.423684112,-4175531.234217687,6329213.8794434965
2018-07-06,0.17849100923784256,-32.23997482907792,37.719876900079,-3242.8782122804514,-51146.71817851305,1597578.8786105579,-766783.771615515,57784.45945056096,-13903906.540601183,3257242.284892203,9812542.407261088
2018-07-09,0.6665999624523018,-1.513710923225388,-46.317413300612486,-13146.356099162946,362535.33146933006,-291408.71740155754,857704.4388506784,-25936518.291496407,12893525.833192019,-794453.5778218356,12921882.433831198
2018-07-10,1.6342157146733483,10.967026760857337,-7421.348273549903,-10586.088784147076,177529.2949904663,322030.08290004317,-219102.0344571259,488906.43226562865,-13179471.276228627,2056907.8503483415,10371268.595996493
2018-07-11,-1.4857038230772701,-448.66287798308485,-31727.662022836776,15673.732580805217,-1728.6786614754963,410711.85122777545,-5992.451730216985,-2157818.0916997627,-2266746.9681020626,-3485556.511453552,7523705.398443133
2018-07-12,-0.970542175908798,-2102.9674574712594,-18105.20824242603,3012.892108046608,44258.542416085365,74616.7460148543,423701.1371906429,-5414508.912722477,2700698.727876186,-4239738.672575954,6428238.96593469
2018-07-13,0.6988892830763419,-2895.712137396916,1495.516804369267,-24567.19659511007,199299.2963118216,-134825.72268005126,216007.67376180674,-979886.5323845964,-3367983.6893213876,965180.3116315159,3128246.3857197454
2018-07-16,-1.7435231639207063,-1631.6115207841385,-5840.062210092665,-29414.50206605668,96873.96589470808,-5552.275280639042,-27946.195407164207,210263.4415680874,-2522932.45487469,-1713161.1620330543,3999410.819452849
2018-07-17,-1.5421350684179862,-322.17370353300646,-84702.797539481,42248.365816199024,-95261.86127379554,144331.57274255547,91069.85840737858,-259062.81099408478,204850.9733249284,-4853305.929453302,4810224.374808203
2018-07-18,-0.5170142090492735,146.14142697948645,-94159.25112984232,45761.0348484147,-17178.87518306656,-4979.543687796868,195874.766205999,-254380.2907510761,234142.33249131008,-2544404.3135006847,2439247.296293972
2018-07-19,0.21663060815460375,91.67978274826294,-8706.499453288698,-44900.30557808663,36280.37447868864,-56107.52023989213,66070.0039680829,38669.12488188679,-690924.6109337732,319748.2928445642,339848.6636184617
2018-07-20,1.1533711136313818,-0.24372613281392796,75.66297761950638,-18965.24101955929,-51002.14874653895,34672.70554229783,-18992.18453353971,205547.18495501654,-720856.2116790181,-15611.476431021927,585201.1092897633
2018-07-23,-1.3157467103435272,-18.708569559910913,-813.2361742819921,2305.80691032519,-70754.72595534837,14266.199092071443,7157.247564145011,13181.30521336693,-97813.82851989508,-1135218.7232713457,1267777.8794572328
2018-07-24,1.0902724826217165,-7.987474767938212,-399.00938422079963,-2098.630235522871,1531.7232986381005,-83651.54788528447,43384.33481189134,-21593.657019215203,84114.61037183735,-1244515.8474785157,1223305.6907226776
2018-07-25,-0.30551554562888816,2.3354640332810623,-693.2002922749218,304.63176445881436,-8420.469299999053,3826.90898001521,-34037.28751963614,13192.208928298938,-16021.39058998443,-304422.39184614003,346340.089926774
2018-07-26,1.296531038594282,-6.715335795283671,-50.6041582236132,-1195.5685347109613,-741.8765067063816,-25616.93367915256,11707.244529912854,-5374.982215313325,-73599.79453532113,57110.207348718315,37839.31655555349
2018-07-27,-1.3163089221278215,-8.063843939961654,5.755632725853382,-1924.809287135447,959.6843152559466,-24792.67794979307,3139.3360331617264,32759.562967013775,-74448.30177676318,-74497.62275881766,138877.11297721416
2018-07-30,1.3218810525673819,-0.49272754756792275,-55.333202932830886,-338.70470908517746,-1669.7792742843885,579.2832336935943,-14354.684506822,6388.052352042165,-10196.439624508439,-365890.03392670833,385608.0005051004
2018-07-31,-0.0014716639793754356,0.3906779446847348,-29.018959429422797,29.43760498300601,-1551.5828054961648,-6083.864957197679,3051.032657577406,-16005.945120785325,14514.02652431155,-426331.9610858974,432477.3669356533
2018-08-01,-0.5767510602666276,-0.4237621902767876,-0.9868897592336512,-2075.6077058547835,1041.3856374561078,-4131.147385047839,-2750.73442196734,-3150.146168202937,-10842.765041524943,-327723.3434985363,349703.14598668786
2018-08-02,0.16962077194562517,-1.481698618080013,0.7133236610778446,-1789.957004771224,633.8441165290177,128.9225224138538,-13902.101721087025,16758.940180635942,-60333.128581779354,-160754.55567290867,219327.58491515252
2018-08-03,-0.42209025926912586,0.12642193697871498,-4.077670727090737,2.1701492691676534,-959.6658669825978,-3613.358543382845,174.16109898842575,1582.191033061431,-89527.1089569566,-9321.027451774185,101735.50187682657
2018-08-06,0.17484139650364267,-0.13976814301427018,-3.9244630546730543,-6.926118835482276,-556.2196936717423,-5672.917859149866,23061.386730886272,-72541.69624054097,-46992.42351486691,21727.9812427134,81053.71484326648
2018-08-07,0.7912527207136675,-3.04357393161816,0.8201825845949063,-79.34238510876824,-274.2343900370581,-2765.165918879202,35322.52680926297,-141786.00202140643,17250.71010117551,-27564.23230936011,119966.34225297939
2018-08-08,-1.1235274464279672,-4.997103453925496,3.086405387531297,-737.6389335400121,371.11297048308376,-156.35036863195364,-3290.1097004140997,-106819.7043659269,22218.70631870403,-292767.1854018178,381251.12370665645
2018-08-09,-0.8257562183806977,-0.3285639941041521,-2.84003883466482,-55.7362964166401,-363.8401053135585,73.2649931315382,-128461.09870144592,40658.13293082273,-21166.858017922543,-510949.0688748804,620336.0084310719
2018-08-10,0.5247474527708851,1.722761631468466,-4.527086418305601,0.5011312418860918,-375.74656861872984,105.21951848068082,-183919.16930193081,102271.31898097917,-110811.74207643533,-287037.2311984125,479836.7390920297
2018-08-13,0.3947722924634226,0.9593493217959255,-2.660849595913781,-343.2905098281567,56.46865169382568,-856.4986452644607,-97042.07286232655,-16961.358964819097,-182517.93206820328,62625.717290846645,235107.52383588278
2018-08-14,0.09967233985017292,-3.70642709587077,2.119347926011477,-508.0720100455084,263.32605537700636,-1361.0404312030691,1211.7392126057503,-196803.7786532063,-76329.31399833299,-143886.09122092018,417481.7584525553
2018-08-15,-2.1033453083760625,-1.9749570343581808,-0.008369414176087298,-1.4960955051936333,-273.0587201015068,-32.2440582394826,-192021.0566755021,-47333.80664327972,23852.022087785335,-1583092.4984185908,1798971.2951951902
2018-08-16,-1.9823956977001034,0.2891531515631585,-2.2328062133244173,15.334134971794766,-354.955964758518,1370.0822794077158,-445446.15326268174,229476.10132888667,-154111.9128848925,-1289910.4504689954,1659031.3208868215
2018-08-17,-1.695177683491044,-0.246426229160436,-0.1329391569316486,-4.4553394422881345,-112.3632216010842,-45.98844818641091,-17523.933236486704,-214505.15409920114,-568946.4780440609,442527.8954162511,358678.48151579703
2018-08-20,-1.2686671991419591,-0.3203525533246073,0.7431333580897581,-165.87152558893123,368.011366754097,-6798.032428251786,42323.7328053469,-422921.2868641128,-365476.4038330093,-608691.4559442695,1361428.6523095258
2018-08-21,-0.5370347855295923,0.1411912781192339,-5.211116453957057,-6.934021771271465,-90.37289677757424,-973.8677894259229,-37232.79307641348,-455753.4362629839,69737.32408329382,-27976127.424341492,28400520.431265533
2018-08-22,-0.07196314337527566,-1.2351341433030276,-17.13882095289744,77.91057221441531,-2092.6730826726466,16656.712229022927,-729663.4069527724,341729.8102766942,-959800.2233704499,-33968622.84212537,35301801.00837158
2018-08-23,1.0544185601985776,-8.890932647032948,4.507136576832887,-301.7133124140028,-55.94710677037027,799.6390356995063,-273522.60865311907,-241405.43110162014,-1613639.2821429935,1222316.7586325873,905881.0440261401
2018-08-24,1.3169422866375051,-7.062329848117818,-10.333576481607796,-548.4282326655941,4536.7138341932905,-81480.47446531015,92991.7007243145,-1358453.9495111583,1846664.1849605334,-65494693.7899688,64991069.83162294
2018-08-27,1.1497089380075336,0.5661620645618619,-148.23893445913967,680.5928225013351,-440.0991477713465,-24012.350065766088,-420383.3221131143,-1803716.6369839453,3341825.2835029755,-207200501.7704625,206106764.7955111
2018-08-28,-0.7214153124020892,0.6280864856385433,-278.61595744287433,1868.936248729276,-44138.057873096994,198051.0059967168,-3996369.1266574957,1367026.1875232079,-9929220.288821563,-5922076.389490782,18325204.982360553
2018-08-29,0.6066304148653272,-3.4874156832446506,-94.02110342921672,-100.81363645620577,-7722.93212089733,-4218.945091541765,-3923362.49452498,1363859.1771336936,-25207770.957894262,57321538.672739744,-29542055.124716602
2018-08-30,1.3596550111560515,-80.0585008135046,40.02191776862839,-5893.158060814591,41006.777892884784,-1452580.5513448413,-466300.3961675011,-1192318.6951403548,-12919816.792192942,19094292.556175437,-3098280.814233836
2018-08-31,-0.11870073632066964,0.7631297258658544,-1188.230663321171,7271.5891070025,-819408.3730695683,-1664342.0205899766,685926.7102057283,-2079106.8674568112,-3044947.808151231,-31275668.08591058,38191532.28209977
2018-09-04,0.7753115094262429,-209.89728579295223,188.8301747639342,-94328.11249297419,-2586387.1774140242,1226947.591268656,-1253419.20971327,-1230404.8414427133,533904.4902282188,-29715475.73630738,33119253.107673004
2018-09-05,-0.14996406954130007,0.8712735656878692,-69862.87226316571,-367695.06832629954,230766.7221956467,-4449323.099488822,1006859.1143027891,605115.7434431032,-33998064.740520485,16731008.176444875,20311263.992902867
2018-09-06,-0.5066594443827052,-140.91597348082954,-258075.66885175116,204791.92763911534,-9559522.434462052,4409389.303454143,2180644.800359824,-2463055.0153143187,-4066670.364624574,-14413516.457448319,23966223.141880855
2018-09-07,0.29712461129469203,-1080.9824938510876,555.9622986109856,-2941371.7960920823,1432657.3403725093,-3729042.861824851,-408745.2435197147,-1577861.8045338737,4993730.184679763,-24800560.62670617,27031787.260695048
2018-09-10,-1.6493061566619995,-29.79029546575664,-257480.2717508848,140525.84629702475,-4781105.87837562,1868193.669627098,-6306594.934075995,5551004.119191395,-6217666.1060287,-17459464.827531423,27462687.372248728
2018-09-11,-0.23312029142057747,1.0995530426716214,-157103.73279976897,-2354649.45275134,-325692.74930026254,27382.82184730906,-4377621.601770387,4841631.564290475,-45973160.9645105,17809743.49208096,30509539.046480764
2018-09-12,3.2679059100778463,-63.547664728878935,30.049367883940644,-5230763.329933546,2597494.0302354307,-1067476.7662398983,257884.23603367267,-7548594.23161646,-35059570.584191754,11058320.903596384,34992806.3425071
2018-09-13,-7.8874240766848756,4.186768521067927,-11431.914529562142,6063.087262759306,-1673040.8411273195,-2734064.976994954,12458254.95973359,-38714101.509423025,5201657.398134722,-12554760.878802476,38021496.97640182
2018-09-14,0.12839954691439304,-13.812818174284441,4.084861176144728,-139758.31684516184,231274.36322881418,-1836164.8413209247,-635041.4420133901,-28505659.153844215,9667072.257280065,-18662540.925434582,39880896.638506845
2018-09-17,-18.186747476041997,8.976684491179888,-1531.6097523816836,991.8082162096396,-136330.50133102003,94645.10943076498,-30401975.397052374,16381683.158691205,-34176658.021925576,8713112.612063698,39526140.91172246
2018-09-18,-6.249601751163363,-4.069844261709285,5.822521215640386,-9266.39281086643,45814.26192489372,-491033.7183300229,191704.63123131695,-68305948.61682044,29175449.308627095,-17070998.47606542,56464353.36916823
2018-09-19,0.5825327360462531,-6.812560843991768,-62.808436690216936,-450.69258686289976,-4806.198094675548,-172415.6761749467,-10272180.911084862,-32578874.96393651,-2283713.459362639,-36641995.021154165,81954577.04085946
2018-09-20,-3.4675367013946388,0.34944272853182273,-245.00704847569372,379.99372794283624,-26119.08822323164,24637.03431074074,-11149400.052113025,6667373.758426186,-97850775.2973981,24902138.048700508,77432084.49771143
2018-09-21,-5.879086027099391,2.8326371883980093,-30.933422358354655,35.88466905248521,-204.09549919996127,-99135.09916099322,45808.3565082584,-192928113.72227308,94750997.66755971,4776320.13973004,93454395.64833742
2018-09-24,1.5440847713720547,-2.971173590541843,-0.13425897402125378,-383.5761401216382,5283.891161175488,-77825.0504963704,-7459.396608912779,-107376664.41185498,32397992.712909207,-101966421.54419091,177025552.1665687
2018-09-25,0.6958633697736967,-2.0706985469439774,0.3788921010876717,-97.97384925708988,-131.83943078356955,-10227.213856485932,-13870444.608100817,15828960.651208406,-196329288.1097169,-75811248.20871164,270192551.69840056
2018-09-26,-1.039628862394624,-1.1443836231953652,-1.3049362907111675,23.99969118833676,-3893.855484429729,3873.4724638131884,-13976808.93985851,16150134.033730425,-415592140.1609737,110231526.32140133,303187360.8379787
2018-09-27,-1.3894884756620318,-0.28129308554892746,-0.9594046495695554,0.38499870896241556,-22.654726775493117,-6845.925357109351,-745320.3906732836,-990244804.7506716,495902118.9111954,216452961.50923914,278641987.7261818
2018-09-28,-0.44388193698981016,0.23029201222335619,0.18381364552013713,-8.734903921484532,244.51496427769362,-6501.329476885402,5414.8418355157655,-549362099.2841362,67688669.05804133,237298931.8074385,244375422.3160137
2018-10-01,0.7210700271716985,1.6457997033555396,-7.901090018029995,8.92182743822166,-325.2759486369108,-739.7352288760657,-1151907.0598755423,640762.5187432561,-274146693.0824331,53378177.60860189,221280797.00853387
2018-10-02,-0.3506449332857154,2.8030595194521615,16.977265236697743,-19.94732300603824,-1165.7245716885607,717.7482183198729,-876135.7348547512,-44889482.05200272,34914840.83210115,-167627507.34342366,178478807.95217654
2018-10-03,1.159552818471421,2.7814144447999896,-30.15100883615933,21.482527923106954,37.84052237053949,-1689.046216230559,13275.289492427548,-33423596.254627444,28420902.31563168,-84958832.01398945,89949982.99670029
2018-10-04,-0.5637401640040859,2.760320387349292,-8.060321372451796,-3.929840888018993,-229.036306713517,1856.3172373757404,-500699.2261691352,-398636.7543516196,-78680471.38675296,38224325.157859765,41353939.162065335
2018-10-05,-0.6353389977376585,2.8287489917245985,0.4737098731654561,-6.7894009043586445,25.460129650289694,-255.61377682517633,-710241.0958477942,310546.3405300056,-23337234.599148836,-28895842.61480546,52633080.5052003
2018-10-08,-0.26217017556887595,2.5764561045347594,-6.458113626829468,5.245953755518982,162.54678572476,-299042.36515237956,146315.06202397204,-799437.9570794284,5062462.087404657,-66708599.32573076,62598213.119622156
2018-10-09,1.2670666807507078,1.7272219165086165,6.1850749378330185,-6.0471200984181355,-20468.872395512833,10304.801528335038,-406141.79455816705,-51354.387465662694,-254608.3337845504,-9777228.678961148,10499569.08339327
2018-10-10,0.14205660180390012,0.9324696414846397,-2.869570011298097,3.360363779177469,-22592.575176423314,-647729.3150209831,111340.16702817519,240512.8056904512,-4529249.86140567,2758359.2665929417,2089431.1269714967
2018-10-11,-1.6234770825824127,0.24050411637081473,0.29498203948983776,-1.3358542800202455,0.9109585692297097,-1065585.1257037662,532685.0867173905,166445.32021544443,-207907.68338229568,-7584996.05084846,8159430.935888324
2018-10-12,-0.4570634559497671,-0.6888025811619891,-1.3316357838253126,1.2781898553504032,-2114.191836415108,3784.0254140937814,-394361.4129326785,-102499.5492022052,-373995.5887643547,337720.4202550815,531538.9063784438
2018-10-15,0.6015708296412424,-1.2914938755534104,0.8196557622976556,-1.4346162765483608,0.9544059089846386,-69021.78072379608,89027.07890819835,-409100.3937829106,239612.402691352,-4814458.653046144,4964013.536430951
2018-10-16,1.2100677449483233,-1.3872190570796117,-2.932494343881971,2.1250939953033807,-10.615216094388831,-8416.989274884696,-46697.35086879193,-58362.087699222124,-1082474.349001478,-901817.3611701556,2097851.6677822876
2018-10-17,-1.8594968693550362,0.28761399606108107,1.1609855407528544,-2.187330839090253,-1251.4904738293963,732.7703642304969,-80591.0619430984,44959.93854392795,-1306952.0756431113,623615.7744917903,719558.3728882618
2018-10-18,-3.1447131348420867,1.5571456338145755,-2.2628489055984082,0.9710095324342726,-641.1538473296482,-3965.5411623632463,-835.1009647396871,-102784.56234495957,-118803.61816981636,-2013903.0958146574,2241004.58171074
2018-10-19,-0.42637669241256293,-1.328520019737714,-1.2503889751864756,0.019631416219960975,-26.006225508576133,-7339.296501897796,12774.564582379757,-207843.66343465136,268087.68455171626,-1791367.0642120698,1725785.9268943027
2018-10-22,1.0012472517774793,-4.463264163988515,0.9945562458443317,-0.761621147161481,0.2816568333523369,-741.8464856408317,-4145.5780264056,-43808.55834527665,-182814.9772740021,-473362.0396169661,704945.1971732714
2018-10-23,-10.524439710928736,5.209801273143709,-0.468164784420279,-0.09091482565902173,-5.663413660748268,55.93955745696591,-7378.957428981378,5515.7505646797945,-1308446.527718113,655854.3423083136,654477.4798483527
2018-10-24,-8.780344989735964,3.9208472923747517,-1.4245333461643912,0.6210765943443642,0.5634168462519711,-4.715153318988124,-6.027336951578655,-32401.64071454381,15097.55534497264,-650895.9944160684,668282.4818135131
2018-10-25,0.4065753077626682,-6.59020835049314,1.6467696956391873,-1.2215535667223545,37.168668267052524,-88.57144828196886,908.4194952006122,-19612.499925114553,-289019.4403475714,-4899.313981308361,312747.2459557224
2018-10-26,-10.157905664364751,8.547478180027678,-5.013261163213315,-0.26662733678460515,-43.248926320840354,36.6012967705124,-714.8166663597596,-152.74828106563203,-455289.82208399306,228572.5128484024,227665.9921285507
2018-10-29,11.059630583077277,-19.5368513189084,-5.278042938180724,4.183770337625194,26.256692568299854,-136.03411923449906,-1132.9489537578772,1064.240920110117,-71981.17074042019,-231744.25477891313,303980.48247298365
2018-10-30,1.6187225042794926,-30.742698047530997,11.737007322096687,2.6723575097599,28.811637769482466,-344.83776380670315,286.03595900442946,-975.1533669812964,3261.916075918426,-194101.8531961776,191925.97526498465
2018-10-31,-46.32781909874202,7.140395502379656,20.628519497223998,-2.7675604484012557,-199.53367778089083,-153.89935790082941,166.91658792501715,31.215465221150424,-29297.285284458765,34059.80164260253,-4520.578911060671
2018-11-01,-86.5950132372051,45.08602809090675,20.04669922743857,-5.687317824454822,-702.5202053042268,363.39717760248215,-18.139815933301705,4159.067497597924,-14110.99720851763,6490.478214551846,3909.5339437462226
2018-11-02,-23.971324442496204,-16.127546334956076,15.047198563299233,-3.849835594769538,-460.3369599418899,97.72184504008003,1314.7429825026802,6457.866238177468,-10307.924609023525,-43606.17569624033,46596.127707294436
2018-11-05,0.29154336215131266,-37.371072496650896,7.803881518630089,1.9123252673463451,8.176152100541724,-253.29692359858092,2169.0950001445804,-2212.3849632107845,46495.04200501103,-42457.6617743248,-3658.486173773468
2018-11-06,-13.936686957981523,-20.41333847986813,-0.7990222738254031,10.116693500625159,-200.19608086385924,103.91196196971741,-124.41910793160282,101466.69126572134,-73087.38817570094,15791.34158484911,-43862.749093832725
2018-11-07,-64.76033560786077,33.375580334342075,-4.7787187532263795,14.612312752695763,-165.21200030292604,54.00289670852062,54.94926894503414,49764.16249878686,1608.0526916142862,-4347.194008219132,-46885.5201862586
2018-11-08,-19.55340392283226,-11.779911115854656,-3.174704352727271,13.932852995369537,-27.98562189665584,-172.68510510217106,285.89011024339374,-185.92366642822947,121926.23923902212,-77227.38375279885,-44516.866036643565
2018-11-09,-7.536300734170962,-26.66655818830329,8.277851782230217,1.9752031785075088,6.001667168850257,-145.7556085189988,159.28268869323978,35466.32195765825,128061.26545573286,-46575.36171738833,-116887.61463938415
2018-11-12,3.355153757958105,-21.665653708987442,-1.6792836080831788,-3.0102688503516037,-3.643614346056827,-9.11090501968622,-122.51516137900231,375662.10779872065,-207607.6908726922,16590.955799560008,-184427.25299243425
2018-11-13,-10.519245298367835,4.96493918255336,-16.979289464314178,8.131049175308384,-16.081907870850475,9.938031115895672,-115.1170379753504,14660.572015104708,159702.80336764845,-5257.8094490433,-168914.27247257472
2018-11-14,-4.107351938969696,-4.115916378467784,-1.902188502327435,-1.0833073793954504,-1.2769212959585543,-68.01340955693473,6.468204048043551,-467.9446676865207,167429.62199051015,-52102.64745687539,-114728.83897494423
2018-11-15,-0.5482348527632913,-8.8118324642629,2.7307824675117502,-3.162460993663243,3.3431242701860646,-140.87879631985433,84.74326934077432,-6026.524756906275,104352.19840676397,686.9064565060781,-98893.54595781172
2018-11-16,1.4099558355427906,-4.7235235192569895,-6.759531191815051,3.3006370273330994,-2.2889844863264956,-21.39992795057957,-66.87051913159486,86229.53517277093,-45835.40907207261,81316.39205295123,-121556.69626023286
2018-11-19,1.6775278263040887,-0.0606214928725193,-9.291717186411384,3.3006435194826773,-3.4084737950564534,1.92386890226053,-175.72198094378348,75139.17812820648,-29398.81350479313,81707.98155352553,-127209.60542376881
2018-11-20,-2.441539322360584,1.0237906476160767,-2.807341995694768,-4.0345356722884125,-0.2959719675089529,-57.623097459332605,-98.60796671920131,13073.809981086048,70753.31654347257,6877.797146459591,-90486.74700852943
2018-11-21,0.7688216678266552,-1.2327064459885226,0.5350861067718736,-7.898966593661806,2.2666745492870106,-101.16720684184051,52.26357493417658,-298.14456244110755,110543.89214461819,-61036.6623920375,-49100.21046751615
2018-11-26,-4.313568211915608,1.8161912658437103,-0.3704613793397466,-3.7523707222096543,-1.5570357409539481,-22.924155239455054,-144.41669103864322,34497.63702125515,15118.86368318205,19963.60633041358,-69353.1289437841
2018-11-27,0.5409508819357448,-1.9515916264806574,-2.4437086293854113,0.643745114086638,-6.196751491185338,2.1628510686603795,-591.8219542981906,62721.98160481702,-92049.11968109124,210097.81175085861,-180120.29721560384
2018-11-28,-2.7196929468759174,0.9029091065399558,-1.775322690929489,-2.3518405340385025,-1.7330739796317756,-15.692750332845996,-691.3056499718797,13619.457923862044,-78889.16226323001,339954.88321443,-273920.4434537124
2018-11-29,0.48617035805409126,-1.1496589845085445,0.06252727834668315,-4.8012440751110805,1.8725833829080099,-505.1441608182722,-13.579593422289195,1.979289277319422,48593.835039158956,219970.32684686568,-267992.42779902107
2018-11-30,-0.9489424477573102,-0.22930726111979274,0.18194425244653237,-2.6662480250194682,-1.8088928701557714,-912.7710864244106,461.9505339329195,-4388.327570135164,546202.6294406214,-285554.16108692496,-255753.06878471817
2018-12-03,1.2077462323890358,0.12914812036559709,-1.0280196643598543,1.131925197095528,-11.165114864740254,-352.5782529864099,-260.3296225623795,-4316.919128073172,405556.16033355665,-113430.19498690931,-287133.4340280461
2018-12-04,1.1297797534193443,0.6675200520196426,-1.1454331402891738,1.6907354703751798,-18.905485612350475,10.767048662031506,-1103.5903662556304,1808.0228723067814,-2878.4393871465495,371844.0265851627,-369611.01386925246
2018-12-05,0.2739351839677543,0.9939830832684343,-0.7057299995700299,-0.46021351394780224,-14.875632341567858,-684.4004259398665,-612.0850093479075,1346.369808638562,10456.785234379093,438794.03964388283,-449233.2955940249
2018-12-06,-0.6739624368252352,0.39388031702227294,0.2256476441752598,-12.613731725290997,9.247010141622413,-1988.1513499810999,1022.0220969925517,-2729.8418287908603,521266.9566982275,-49152.76863681998,-468363.25582356885
2018-12-07,1.061336782957586,-0.34018503652329074,1.0187336511406955,-9.827039199240167,-10.187451691139463,-154.7319031355785,-1102.5403191107428,-3955.5591119994206,938677.6605750296,-486593.08604462666,-446800.7085906643
2018-12-10,-0.6928912841739722,1.3880465216209867,-1.134571364362559,11.02211577270205,-105.54882651397111,255.76164925580557,-4469.402335128725,5928.353608514575,110698.4133660681,344423.6784441548,-456690.7686059964
2018-12-11,1.2487296955537912,-1.3230810978677119,1.7548666480417,-55.5694536254293,-18.98551043423189,-219.17804477186596,-8236.725840715128,13561.859661063154,-12181.247929242965,548559.9266961691,-541360.1100936884
2018-12-12,-0.8470756865985676,12.187482890748402,-41.81101353638621,-141.89736830360104,296.6012007765182,-3799.601818261046,1353.2735697595035,1881.3872628854954,198351.99085380897,395134.99080637837,-592995.233900712
2018-12-13,29.242127998764474,-14.052426773309021,-407.3628122227307,202.90840743562933,293.4493680596463,-4986.98910218104,4031.8195824608233,-13099.767467446623,1254909.520124576,-726855.388323883,-514050.68947802426
2018-12-14,-0.44195631784181705,16.878358663561592,-146.53957280077776,-33.41817405426629,-716.5331622682189,238.65539940756813,-6370.049848960553,12870.544336271043,293218.77666305716,220885.95326619138,-519912.565309189
2018-12-17,33.03060841830513,-16.593113748168662,2.660538523688149,-126.80599426824392,-1486.2110436928474,1116.0966575318516,-36148.93382067852,172442.85549869647,-73142.3766586815,481894.40171494073,-544518.3243870417
2018-12-18,-1.7491641865925585,14.595574384742262,-196.89716033804703,98.50599557241102,-18.597861908662672,-2945.7727711094617,1282.790268389041,-19728.57617808893,610956.8627924601,-355817.1209395151,-233597.9205556595
2018-12-19,5.370373462513789,-2.3864633809232414,6.117468721429795,-77.65735364690666,1076.4460300834064,-2587.0242033920363,-25973.442094042763,692300.2782083551,-318011.1094585444,89485.54785403622,-436174.1803616516
2018-12-20,-0.7065299166769987,4.108617769493835,-11.594189314767972,18.004734337620885,-1085.9416851532906,883.0684984345669,395666.2977024081,-238649.23508462537,180279.77392968134,-115134.37785895121,-221923.7581346698
2018-12-21,-0.8421483170334347,0.6982495857830602,2.053094260584658,-6.529765051817388,-120.15472310632904,-586.7524051594655,-121549.00215753764,394238.67278562253,-118282.97573226661,71192.25739682037,-224842.04459485033
2018-12-26,0.6075680714794811,-0.566313161332641,8.484895641477735,-12.173027873398693,10.823681825012327,-807.5724254646169,472.1833421257577,-56584.520960420974,140219.92596851572,412653.22060847585,-495914.37333773496
2018-12-27,-1.8526505249460672,1.0619426240373397,-0.830442541903303,11.502390827409894,-1491.5927069162408,866.5516887929194,-92975.12925825195,73709.4430084746,-48945.515048969864,421863.60667675623,-352992.7656002703
2018-12-28,-1.1693197833403073,0.8882441724994359,1.2624244701093434,18.43928479487646,-1107.7493728246575,546.7656097355482,2041.29099668923,-85526.68186966586,3268.9303053491158,188774.71514270012,-107971.54144563765
2019-01-02,0.936221909532356,-1.5900327894931088,32.97037817014876,-10.343022967187233,493.1423980338918,-922.0305568090217,-243292.13265135814,141867.1474799841,43199.77211584929,-3804.733636817667,62483.17130679456
2019-01-03,-0.04807052725030004,-1.0200379003718945,71.94832376591592,-41.98245723992205,-0.6423399524559119,-286.2360539861929,-174881.1060925635,66537.42785809081,106825.90175838432,-300647.2189187486,302469.89603067725
2019-01-04,-2.213106494648816,8.915905071264117,23.187665276134773,3.5971469249588446,-745.9941290544234,469.10046051918,-14500.249443309902,-91839.26683985897,83750.30637508392,-407526.14345031657,430406.519416159
2019-01-07,-3.3636251078375587,18.297565782412,-10.471452863124462,23.96458182458427,-930.3884945197029,553.0690264443301,-197.69590585447904,-68035.60602221276,-116899.69783931496,-176425.69642658232,361955.8585924038
2019-01-08,-1.9687407032280044,4.128483573980302,4.878471679255396,15.347309747783589,-233.2896423976156,-215.8336365523134,158.30370008238512,-18464.946996806695,-606333.215669157,292164.01950111234,332952.15721942106
2019-01-09,1.0066506284282835,1.28533602174706,38.66561386299554,-17.468225024415602,1.3783850100658022,-397.78041142076165,-713.2218675831873,9200.981341076958,-1040991.168798157,628234.8791585049,404693.63281708024
2019-01-10,1.1455208219791246,-0.2988594650717334,29.813068273041893,-6.357830279175311,-392.70409726421525,77.41507376594156,-677.2230231312924,9160.639572354803,-610040.536511546,111653.27746175192,490247.2496247181
2019-01-11,-0.09681447022537382,-0.25249926924349836,9.944787812809832,11.172438200745212,-657.0789077887115,347.9080225666438,-51.1218002098355,-271.0809743280346,-12378.40102363176,-482928.0163142993,495968.46308541694
2019-01-14,-1.4939972822985343,8.912194380265424,-4.553021004227727,7.042873210264064,-84.73220011618412,-226.88798474147939,188.96831026676114,-3597.2648286286358,10989.263295917954,-433019.67224066856,425790.72759866616
2019-01-15,-0.07261440197823546,1.3138998422341632,4.108476831897197,-2.4962543471208383,6.599322788960944,-140.02447422194393,24.214748189923633,-1351.2231724186972,-56791.6263962428,-297428.3216277023,355729.3280916818
2019-01-16,0.33826986480486265,-0.5271476549114046,3.8791277852408523,2.8095549602619143,-17.683123078638747,35.42199251657318,-200.21087648691307,404.28330282109573,-693035.6515754035,357282.17088327196,335577.249591404
2019-01-17,-0.712236066437872,6.190373257088974,-3.1182492184892268,1.7974253361317294,-1.6849852641343144,-5.791991850829571,16.20986666264492,-90.51492442810975,-148304.95398834272,-202946.97720765806,351381.3859175729
2019-01-18,0.9077044474765023,-0.1578382779848984,2.965027339922818,-0.9318078610498617,5.427831469329579,-13.71584725949924,33.08235196182696,-161.0196438747605,-14635.092679851141,-360171.29146623507,374993.42636814096
2019-01-22,-0.3629068365683719,4.701956738185084,-2.366675590208389,8.559039605546825,-8.326093517404198,12.034358138114879,-22.876997199592854,95.24252775789455,1330.8883658650716,-394295.7431923616,392930.83961740055
2019-01-23,-0.5862558264186172,4.3352213405135425,-1.9811358974532938,1.3534729221961912,2.1143645394175405,2.351038419747009,49.61509331317593,55.067345740306,-122423.73380315618,-286210.42374307336,408574.32840167807
2019-01-24,0.006393069507880064,0.07324258041672727,1.610088499643789,-2.4598332947681767,17.253995269717336,-55.30263276530909,460.8924048795359,-294.03252725119546,-728259.5270202731,302131.4147137855,426053.0111755001
2019-01-25,0.7641313840068756,-0.914924660677361,1.261854532582194,2.5576841538185473,6.218398882408577,0.9320463287877847,272.413484321668,-35.144183644020984,-889427.5516280683,450772.0307959126,438460.96234085714
2019-01-28,-1.0878327891596484,0.7214968656698079,-0.8764541122668671,3.980221274933827,-3.050025081819915,236.3780319879976,-245.18836812319935,688.1576343742246,-320953.4989171253,-112542.58173120939,432868.83594393823
2019-01-29,-0.1719461615867655,-0.8148210205829066,1.0859260189355915,-0.17786281199061663,74.27022202486361,-10.15583280553777,318.9169624239326,537.4774069933474,-738.5841584838342,-370924.5082620825,370795.73236590496
2019-01-30,0.5115169380072766,1.6522616462464441,-1.1402759079473763,2.0164801908983807,109.69014766756251,-436.13996895187876,2959.563367758603,-1191.0949290963695,10945.238270309315,-213284.335405392,200948.21853483756
2019-01-31,-0.45802287578435424,-0.36749057972714566,1.3662765008042899,5.885455059801828,-7.144786736707274,1544.844901857677,1310.7882885548488,61.297852520112876,5148.10059890727,-8747.034795210568,736.5617220022714
2019-02-01,1.0207733183524323,0.344583590938532,-0.24688197538965237,2.7750865248395025,120.51239568652078,4355.561761633585,-1266.2181335176904,1095.7650407692022,-10652.919664982635,37456.68150883749,-31057.986469885218
2019-02-04,0.4672017646304498,-0.08026486686455929,0.4892306214127773,-0.19949471670307004,6376.454662218691,-3194.722504448686,1627.8556162788284,-538.1544708958135,-10416.525659083836,18810.606142004424,-12611.620458876083
2019-02-05,-0.39399842894689036,0.25269341472919293,-0.29539083787627546,6.006411745285901,-4.725925665534546,8268.430261554407,-2017.0828976073772,-3515.885898630147,-1060.874530091499,-20977.447327224294,19355.706601771253
2019-02-06,0.46983787879358485,-0.26819197084224217,0.8948819585417326,-0.431868625960503,19972.569268185962,-9989.570246603553,-4059.039692839523,-4287.766270858898,812.2264468073515,-29214.947373382805,26819.803209450933
2019-02-07,-1.2930446426631568,0.8053382731677705,-0.19899091230668323,51.693648768882134,-27.74507135124789,8803.899244716331,-3823.0799108763854,-2990.718821281968,-420.79370045594925,-12305.231048500196,10765.342356262336
2019-02-08,0.08930996397721414,-0.7275814221621916,1.7506892119420943,-0.8206911601438471,3140.7728232801837,-1571.3923263944075,2096.8592045213077,-935.4232051988326,-2589.686287188123,2200.34427419601,-2289.0162098097517
2019-02-11,-1.7254080948912291,1.6369983354441873,-0.5306875411610589,202.31249357789332,-209.72372854057426,3418.3924726418927,-1137.803911909218,304.3510431118802,-3053.0399174458303,2587.616893253358,-2059.056247388793
2019-02-12,-0.02733263879753173,-0.6557382477620237,3.7206606359067047,35.694293051971925,282.40098378615676,216.946830704515,1774.1990729228507,-320.9350097007707,-872.5083568696953,-1692.1424601697547,626.4470565253794
2019-02-13,0.6048332534011441,-0.6692175529700054,37.3495609668357,-36.293717009984356,422.0132697877427,-377.1629993689625,1580.5468527464081,193.3306042119008,228.18245483227744,-2092.991742668942,98.93010080229305
2019-02-14,-0.8961016370654225,21.321854434447957,10.685720991456895,9.371057695439589,25.70627318967821,448.2042078692292,215.7156082342429,932.1475724030992,-1262.0518964746432,765.29690995241,-1111.1012066582953
2019-02-15,-0.8222182530191806,29.30900136589277,-14.168436803598176,39.71637450725839,-28.36904767524433,1049.2852819077355,-451.0235745373688,361.4460894462377,-285.7894070605249,-63.55133395577348,-580.4527289415955
2019-02-19,-0.23909809462867473,3.5846019327820775,29.441182234353878,-37.765950534210646,150.19366030359717,283.70171960562914,300.5549050956544,-116.49463480969892,148.36760312743525,-321.7188237147129,-383.50516514620074
2019-02-20,0.8680733772384038,-0.3641505557722775,14.131249035690967,11.029304114935615,129.43859200683178,-24.60979595744624,262.10337751975175,282.0616221617308,-156.09380638581163,102.90321914868454,-564.5676844658337
2019-02-21,0.998198007888737,4.2477033424764175,-2.328468797683999,292.4082782710524,-146.55188397056938,21.52105606155929,-54.07245666790262,299.43601608430095,59.47287748035155,139.42606915052346,-557.6073889619968
2019-02-22,0.9180626812660913,-0.09381697603951458,6.7933987633336095,-2.3750815775084697,150.53133139619004,-24.390274735095847,27.258565253698045,-15.410252964906418,364.68871098151794,-115.28579322509285,-335.62484959736264
2019-02-25,-0.8605037848406378,12.226513687540633,-7.00251134987862,30.62338858221449,95.20339979767263,-11.72425112182929,41.04355540738114,-45.69440455249805,144.36031870856658,265.7826017197543,-468.63810709408324
2019-02-26,-0.786454077891437,-0.005494041132081168,4.936747960348156,176.5484072352372,-68.99012704426347,36.66459705083418,-24.16396463670447,15.70416778766483,-18.802632669015413,1031.2148765119073,-1096.9201240769848
2019-02-27,0.6445814780998447,-2.5728896898318894,5.9752409146482295,210.77432776334948,-107.82296234031215,11.768062212129928,-1.5575294100596304,-18.23683304378877,42.82135513211332,-20.78291121103837,-64.09044180530998
2019-02-28,0.7756536266112223,1.4975024301140945,-2.5259781155213235,82.23266237216461,30.80090140889704,-35.652897624096674,38.539179800413265,18.861739681953576,-60.36369760751376,628.9461129634512,-645.9011789364733
2019-03-01,-0.6050184731557349,0.08556337728429282,0.07242782183805045,2.5270154443064596,104.7071899736445,-66.9788129414107,62.482303437567396,-14.199103152306163,-39.79629948044424,368.11735324260655,-360.6526192499304
2019-03-04,0.3872330860477017,-0.324275807661782,1.724769512029221,-4.314864643503944,40.15518685929303,95.87685502501174,-54.0925604340141,-202.6198626742942,260.8983361354853,-170.25118142413012,89.1603643657372
2019-03-05,0.1618660574228359,0.10259174712927938,-0.44267726637816796,2.352851846512845,-6.899269529056045,89.86290999035673,-12.75649727006786,346.87803655815594,-379.3286435482897,308.08050730465027,-291.46167589043614
2019-03-06,-0.2273314507742215,0.15482740740623152,-0.5864716458149447,0.978497616365436,1.0351352383724628,-12.554678228173783,146.1581097873148,34.30896150983482,-272.1613453861853,133.89380861235608,25.220486539298406
2019-03-07,0.3208153483822694,-0.05966057317757546,0.06409688723337344,-9.202193592496837,8.299250250432827,4.1185968963564825,220.94789222942592,-576.040487002254,333.2322235052529,-968.8326498098875,1043.7521158607321
2019-03-08,-0.5201774076963919,0.058973087294186814,-5.419989463737606,4.326148813533632,-3.779952965581804,488.3096499994478,-237.83216624100393,15.008523607887128,-862.6304300139097,-508.8003700247133,1167.0497906084802
2019-03-11,0.5429975407564692,-0.3025415107013521,-1.1912136716775261,-7.239741708808318,6.553371913919607,506.35800691153383,-205.1103117100066,-1947.8788693324927,32.56590507004363,645.2925837841884,1027.1998127132447
2019-03-12,-0.5786766654748283,0.4015064447136221,0.32883336810232416,-2.3922161888671907,4.446346432876521,-3.3191879379703257,287.61261081686337,-2341.798729150475,1154.8759502793155,-1066.4617092536841,2023.7752718546003
2019-03-13,0.4831687033047167,0.9230393416507362,-0.7742696726301754,3.927649884235119,0.9236256546549257,99.61289670495523,-54.648612093367014,178.91158703092648,-1967.449064399921,1204.1793603979108,592.1806184482803
2019-03-14,1.2095340832481585,-0.4844436998034078,1.3599893526805562,12.514376045186781,-7.922648966080732,4.014247835643245,113.59963303529041,-136.4015124225744,179.2482949147954,-12965.300705908254,12856.753235729868
2019-03-15,-0.337186643840094,3.5077198400743264,-1.1564289466856343,6.779060311806657,-0.6221712043196792,-26.036211694681796,71.77332810538616,41.955780308792896,-275.22938630207375,147.83689658138533,90.03859964415557
2019-03-18,6.0785871652833015,-3.0205963045923956,1.7917314689083534,-4.092790601685514,12.089330840055986,30.42691535574634,-23.45279307028326,206.10038164632658,-298.62111485131805,-3265.7411317471574,3397.531480098716
2019-03-19,-0.23854446912239433,5.2692065012301965,19.296760165406862,-19.369203419011342,13.761933561687353,-6.165026263847614,21.906777585442114,-8.33339391061701,90.04900553977889,-5008.725326937858,4951.667811646911
2019-03-20,14.4456272687064,-6.818483314946321,19.114985277841768,-15.771213693850356,14.154196199792931,4.343199487206937,2.4641489271961836,22.668395436852727,6.785845455262331,-1380.8470600921653,1379.5803590481028
2019-03-21,13.137341911873007,-5.724805737686788,7.016865040077249,11.029684002949379,3.019441451048011,12.363037861820143,-11.449973230968418,85.90484347283885,-92.86518123643336,41.12690185588465,-3.578155391402724
2019-03-22,0.23421304256142944,4.754358417776409,-3.0509931293190955,37.97509585979418,-9.203208914505842,-10.68095914189094,25.71726647583095,65.30917654607534,-86.31516715024868,-354.73571925950694,388.8659372534332
2019-03-25,-0.6293497770497773,2.9460197202909773,63.36705177774485,-33.47003844895436,3.556977873590692,41.350501724143406,-23.10873909235035,28.378463825576855,-28.212248563565993,-1329.1538901666022,1333.685251127176
2019-03-26,3.9689289183364393,-1.8616031732692946,26.67413679083151,3.866288770986851,10.82115306993205,33.74265103090668,-20.414084213190353,8.858508618109061,15.40011353818987,-1954.961959309391,1933.7758659585581
2019-03-27,0.4417297167533332,1.2873965222468027,-0.5444798610978976,45.45288365123194,1.5552257533464282,-11.87865034708197,22.605600147009717,-2.591698834504907,19.506845640449367,-1379.7180816690625,1363.2732292807098
2019-03-28,-0.8454911962573188,2.0890408420874187,-1.1929409680903333,70.43228151045601,-16.3002801019897,35.40580950672964,-30.927577417561967,10.308754231669338,-12.993254126102123,20.981939725706663,-17.66828200664763
2019-03-29,1.5107359564358065,-0.09939620416603916,125.05893798008476,-40.985814754097106,-17.497473655337878,24.445960353187942,-24.717986714486667,4.548720129486962,-23.913455455248837,-389.98610064099415,401.8258730051352
2019-04-01,3.6988118117320723,-1.3681414634047746,173.21597913645974,-87.66813546546824,-0.4556421649138259,-14.296503991680682,8.588831662285921,-15.362847322779665,5.221381859652888,-3342.407983315783,3332.4242492538997
2019-04-02,1.5360467170567838,1.579843467731091,81.06624497922137,2.928702865597511,5.321759270973741,-12.688892170850592,-3.2672742477983485,-1.9944083102935417,-19.52328351939409,-1433.4590745283112,1441.0303354760674
2019-04-03,0.16262614903069805,2.2485787226097034,-1.7305504680590653,86.32971255699688,-7.424717152365314,3.958829444801251,-24.47963764050398,18.94384616554978,-293.3459578938277,659.0363375413017,-381.23906742553396
2019-04-04,-0.6685623318858297,0.20120255488640373,110.86027084781686,-27.127158342992104,-1.1244452547232069,-8.364503004081854,-0.917338848559321,1.4340328566987481,769.0834028010461,-6576.289034347881,5795.032133069675
2019-04-05,0.07056445125113835,-1.0467331563524416,149.31576534401225,-73.74279873397997,6.775987827154415,-20.072313856810144,38.79057319602289,-36.49794482793937,1415.9239306592287,-13700.813351539891,12284.396320637305
2019-04-08,0.6641032452531775,0.09118095541725339,11.118818699366214,73.24073160807625,-39.530530772235565,12.340809372951723,-9.344714591630698,7.269273196850132,-2355.1332974458855,-390.9730197456771,2754.626645477514
2019-04-09,-0.20174797176010578,3.2203097697427,-1.5270887175515802,50.77433297701214,-15.344378408018574,17.200523258660393,-30.822734017006137,19.965997441253762,-5356.102550255767,2924.160516460065,2452.726819463369
2019-04-10,0.5403550254106642,2.353103925702215,7.73285091088258,-7.941198281812804,62.013668854546516,-25.63054006152977,9.750985872647183,-21.89104278491327,41.34104336793519,-2864.1234932484977,2860.474266419629
2019-04-11,-0.3609886270405391,0.10028532639571297,2.8822792114111295,8.374056195173539,35.739139169748626,-39.60394216277694,-10.734236982128564,25.07729637426085,-3956.0629068927515,2040.2574936185295,1957.9415247691784
2019-04-12,0.16269077278713262,-0.28228993509567163,-0.45311760549711877,27.92837454929687,-15.25902277723288,-20.65506784437366,37.60138914170965,-31.320311014344313,-4238.215230097528,1976.2421674664067,2328.1104173438707
2019-04-15,-0.3452582425080865,-0.3030155947573301,3.1973246557215513,24.61102618367216,-18.940343686790015,27.56845602749415,-45.711048376644655,-8.40716338891395,87.43109465092525,-1870.8989567057276,1865.2278844775285
2019-04-16,0.2227569457312396,1.067725848048825,17.549352265107483,3.584739569963373,-22.709486639792946,64.22857023056788,-83.21427489277409,75.7291151143628,-2032.208446367613,1014.7012174260043,1025.0587305003942
2019-04-17,-0.3551087560992138,2.855798255358294,32.91581439823873,-16.411690687455987,-24.77146910702108,65.57710977904378,94.02157665146524,-296.9082323178006,-805.9405499485164,-268.43369793100476,1281.1904496637922
2019-04-18,-0.5644144965923641,4.468960375028591,32.462361552828675,-17.348910310372858,-1.0324701027584697,-16.533457875242544,-262.0545153996261,-358.7451527277521,533.9242904433373,-998.5390881368503,1147.982396678
2019-04-22,0.9078322698933177,5.337259140689666,18.715764157484987,-2.739543711573528,18.117776569688502,-364.0449531721087,-473.074628778453,1423.2044148673167,-2328.631269391652,892.2880932264452,875.5792548222689
2019-04-23,1.631552962238624,5.54567670677191,6.143334738873328,12.315453987302305,9.082964420073957,-790.2169105305866,-225.5646971786701,1306.2786547022574,-1588.4372642425787,580.8469331417912,748.6143012925268
2019-04-24,1.5866545187527978,5.452481015894144,-0.6369456459639126,22.683009699123946,-33.86375976956229,-1162.5560195077974,223.47467140333265,379.87597702969055,315.21766125418776,-438.2663784338409,752.9926484361824
2019-04-25,1.0774604523191977,5.298822840940816,-2.043368514636403,27.83357933325437,-122.81683439246918,-1365.6307571013128,505.12333502461485,-132.46894949671494,1503.758096330267,-1160.781188455977,805.8798039797141
2019-04-26,-0.6009364190725373,5.10222473342466,3.6377243868499987,25.060223482727405,-306.2974144557808,-1309.7387941998932,443.1474421616766,1499.1207565678073,-113.90064386388772,-980.167515527033,797.926933133181
2019-04-29,-0.1163851072266609,4.742144866324228,20.289953828941808,10.096867925547818,-688.4199357334039,-927.2616402631978,171.81927035391166,3698.4046239603967,-2871.0362176117455,-9.721440277851707,654.5927580583033
2019-04-30,0.7214084216942669,4.155284668531247,46.492554327307474,-15.20306781909628,-1405.0219925196805,-161.9453393102201,-33.49849169565311,4705.01317363962,-4366.673362109354,1009.8375305788916,279.9523018179591
2019-05-01,0.7414834397428285,3.2144851056624804,66.24248799754761,-34.20228437952951,-2436.0188323634693,891.2948253592629,-59.04960704414266,3636.451049070481,-3489.9197069162265,1870.9739991485303,-386.1778994178592
2019-05-02,-0.6611559978797008,1.8681382171675807,63.09101354357443,-30.11665140611683,-3242.2134943998785,1656.8131629298045,29.547613927981196,427.6154768566842,123.4197867871534,2323.8469269905127,-1291.460817449003
2019-05-03,-0.06421083296850322,0.6479221288210935,41.422391954269784,-7.680783927526049,-2813.1255012263787,1157.3229046411361,393.1903200152051,-2040.019107416118,3550.0411771435397,1982.1924259623665,-2201.947538442347
2019-05-06,0.38612957319389657,-0.036140676558887315,18.32156221676985,14.578844905403535,-1062.9973162047115,-567.9621669528473,684.5870333193991,-3539.207164892918,6493.6918745612575,727.3334418093873,-2706.396097658375
2019-05-07,-0.41255523235278285,-0.1728801623580519,4.963416153119636,22.471056252027253,-9.542952438481896,-1309.4306788284352,583.7547304392654,-3590.4179643777015,8192.766797601647,-1508.7572638556212,-2323.8117055511084
2019-05-08,0.3635964316105208,0.06317122956346395,0.7354659547380059,15.975156914931022,7.848796864299216,-756.9481327641504,110.25628465821144,133.0057675174181,5930.7194316812565,-4458.70289948666,-921.1866390012183
2019-05-09,-0.1872255545686435,0.22025769024530523,-0.06554620088305156,4.900556023463757,8.142750388095754,-309.7546586081541,-221.30240445074728,10632.471096238132,-3865.853929501532,-6825.610256103769,638.6193600797169
2019-05-10,0.21280154836019258,-0.13488187314936947,0.6087654737980244,-1.4938073391995987,-490.6127500374164,265.35856709620936,-111.8255197391353,15018.880041270055,-8263.841280950273,-7815.47627787514,1459.9743424258913
2019-05-13,-0.5358955172559086,0.24269429655050861,-0.8388408700983134,7.278391690140326,-98.06749408206387,-201.10086832711374,81.31322441383195,6219.1066045450125,767.4764493822952,-7819.654452029926,1105.750186498627
2019-05-14,0.8919055706565298,-0.6408879305858715,15.621335631911437,-7.800628044762445,5.497724704612984,-165.92942813485507,-1.9713264463341185,-579.1222670898004,4429.932527925225,-2676.9124909863126,-957.7464651997557
2019-05-15,-0.4691814253464677,1.775359563864908,-0.19418873036265227,28.63967907789941,-46.90981020923283,25.99242202189601,-88.14587077645005,2421.264812047918,-1487.7084314469148,3194.327613811432,-3986.5424039347035
2019-05-16,4.084632194927184,-1.9467658443577693,75.49162581019016,-39.022312331445804,7.894053675014027,-63.0442648500135,53.89087060665838,-436.7579056412492,3333.549538578427,-2086.8705553667983,-784.338916831352
2019-05-17,-0.12648811349774228,5.156098029908559,2.611633033477998,34.64748673754669,-10.107107413505826,-6.97842557034258,-2.2955319017428066,658.2819569779286,3706.669454385867,-6167.060077797895,1841.9710016322551
2019-05-20,9.768649776192369,0.8958344554838579,-11.795017862690397,42.76194431198648,-36.713135013702136,64.74331307476724,-262.92622790590696,8572.770212530002,-4885.028480845332,-2970.9102862605937,-460.4468062602077
2019-05-21,22.477403829964132,-13.66170971416715,2.5868496398832086,-6.590761871231443,23.376391174560965,-136.64159394094602,105.2699681053681,4101.17278965455,-195.1478486863596,4501.828547589919,-8341.650035781542
2019-05-22,4.791756473767979,2.4417972762327746,1.8742986744863221,-2.0045598073956645,9.970567147968397,-223.83349218075068,1704.1105933910715,-2690.6764562109643,9659.014942147764,-38682.94808475313,30278.678637840952
2019-05-23,-1.3355225713691474,7.282071330691379,-7.546882864327662,8.69801351166586,-16.931256771841873,576.9002052841745,658.1479646180559,30.979586799578506,12691.853124937987,-308449.225731866,294558.8284275914
2019-05-24,0.9108797436117617,2.9609274478031358,-6.132434340508,6.011464561583442,-18.12134237919165,1585.0194464691172,-2423.767177396625,16603.544011883212,-1055.5008626944089,-397625.4678382146,382988.94292492
2019-05-28,3.352741213650903,-2.903588090399701,5.040732616811915,-14.171455121015462,226.4457936282579,121.92932793442014,-2520.5357783723894,32977.192460732374,-20705.891939030083,-96690.84360915002,86659.29531363839
2019-05-29,4.702118046776365,-2.3288441661641794,-3.030820492043216,-18.742038977319734,649.5515809553103,-3678.047833903532,6794.828364671996,20369.989500703672,-17144.16987950758,2163.838119020646,-9077.750266351763
2019-05-30,2.0234243674388037,0.42841731361905466,-30.03389212608723,9.398532832091366,230.02610419928368,-3294.3327350864924,29693.3865816276,-31057.215460367006,13985.746748153955,-217176.44202258618,207693.4843016718
2019-05-31,-0.8696601923805585,-0.14414488683258905,-47.36759942476449,27.219288690121537,103.64507704951426,8547.314230212274,30384.31032576255,-61099.180865355964,30457.502847796975,-578638.5205138256,570319.581014174
2019-06-03,-0.5305896448824862,-2.5240490092326557,-24.249489188680563,0.11441749864219164,-8.905623779396269,37566.393974003644,-59747.33378276696,9536.809022861375,11295.626808029405,82593.47399827177,-81155.62468627568
2019-06-04,0.7173977853876229,-4.600002258544188,2.4320772897908283,-39.42318721482887,10.649130508496311,74578.45255713201,-166662.9240519349,89574.56268008047,-3324.1737374066743,27229.46513682235,-21311.65800080356
2019-06-05,-1.180680606958191,-3.6636575319077345,-6.4938116121604725,-44.57810232914291,3685.237604498793,96457.9547354702,-154926.51064217387,51700.195007312155,6118.6093323419345,-122946.91240340123,120018.9126180322
2019-06-06,-0.1295561158232394,-1.8157453354265094,-52.812758185592365,-6.624877464050707,52920.941799357985,43996.60520273307,-52193.80738130757,-42240.57601937888,7013.550939926504,-97409.3517883834,88026.61018415319
2019-06-07,0.9671548921010071,-0.42836420210067416,-129.03238274590396,66.38797389482677,167808.0373997619,-84142.56625954667,6710.202857671713,-71206.91580543524,-10219.149996992714,2074.470176608711,-10908.022753906624
2019-06-10,-0.2570345257773594,0.573104603169682,-37.56064995321402,-21.44830849919483,84294.98650333419,7523.378249516504,-40254.35957724554,-23210.736195342262,-13760.885592772302,-40766.95273658469,26286.5922374691
2019-06-11,0.9373179346852399,-1.369467796018152,0.6322490935521281,-39.51709924180928,553.6157121448587,97760.72914375375,-128972.40800034178,50171.93316448567,167.13091605829345,-27723.456913922768,8135.072977831554
2019-06-12,-1.3514235787979703,0.2607723727645571,-54.658858826074095,27.244150230139624,-6.2186986419396915,43561.89473075492,4189.1578804635,-36431.50508769811,10200.184639757359,3213.51508287556,-24647.393187709316
2019-06-13,0.020232231136828906,-0.45855888727435573,-20.970827831953578,-9.802304426399495,17805.12079329702,-8903.928919624825,43623.475256669364,-29999.65202493108,-869.1750122672606,-1888.9417664746843,-19683.306867754043
2019-06-14,0.3519926438286824,-18.37267590498777,9.15758422348938,-18.325279434193178,1698.4387277049739,15838.603667292622,-6524.584772316983,18892.494474210416,-9210.003764342828,1441.9895905134001,-22057.27954458974
2019-06-17,-1.0220426665892692,0.5184368801611549,-36.242415622608675,19.213390850674628,-24.86565782687796,13873.50008068985,725.4621117460223,5641.7411602221955,3379.8837090594907,-1617.7275840961847,-21908.521189236133
2019-06-18,0.7053562196906377,-16.208766451442568,-18.9003304237309,15.119554318003823,1582.1515777543495,2718.4533286517762,22836.634912337464,-10510.154461530014,10765.480120613125,-6673.085964003126,-20646.335327486093
2019-06-19,-0.40862781989327546,-58.92636416446442,39.47006851734369,-9.097663046601598,5316.051120347781,-2641.200494359081,13705.829533253096,3294.644540860739,2857.0093560319115,-1390.7149425471591,-21058.916527073674
2019-06-20,2.5830511900679105,-21.855432564462767,-5.595532780906056,49.23300039686761,-32.99460503014453,6964.578598263451,487.6407443092121,12919.999834756394,-3792.275042730445,6216.528634557958,-22730.963250367993
2019-06-21,-0.602140671831051,0.9435788551588118,-13.847685036086247,4.9012665304323,2037.8877883657472,7694.87963109673,-2145.4768889770967,2437.9437052421877,20288.137033355608,-9692.608180657267,-20554.808108103578
2019-06-24,1.0011292110877668,-1.3802239370310405,3.113540829144954,-104.82906216473033,14005.29416741728,-6746.307109142121,1998.69307999279,-547.7933971872923,-930.7578630944503,10404.790826139348,-18024.095088064027
2019-06-25,-0.2378780617743292,0.7272895695820347,-1.052198526295004,402.6283203766635,4296.023503547572,5231.598676979856,-974.6934372076565,-2401.83702864738,18496.885777411073,-8160.14733668608,-16832.265688755557
2019-06-26,1.66421193692707,-0.37483837191479097,54.719843528618554,1601.7472708055097,-877.4699633803727,10814.341577615865,-4054.166742783558,1555.1784668569717,11830.515593402037,-2970.3151322356016,-17896.67028737448
2019-06-27,0.9177973163922117,0.835401527795615,1681.9081680350948,246.29872125499148,-365.3285685067192,1940.4531432022873,3246.1155693631304,6841.065734507508,-3442.977440162934,11747.462251535177,-21837.570778072724
2019-06-28,-0.41068976463083323,6.651846343386211,2511.479564968881,-1256.8188603951908,954.4056321396245,-716.60584437709,4333.427493102798,6305.239230040369,749.9905663911597,12259.99200034269,-25089.150938791994
2019-07-01,1.2038945020190017,16.873339066922714,171.20240738813894,1843.199422008353,-218.97655302781445,919.1650248363402,940.1890684047978,4173.927930024846,15932.78330992246,-1009.1163268376597,-22711.541516288406
2019-07-02,-1.1847153505578378,12.068606242326295,-6.463536987960182,4405.951470965197,-2780.928859214585,2661.6009751558927,-820.4858735290818,1353.5995020962662,20771.81133853834,-9513.923697310558,-16026.04521060528
2019-07-03,2.467296572896883,-3.28110092630639,9036.196394151772,-4503.790522430432,349.4068156762829,-1466.6827771306737,958.4282197131683,-495.46762390916274,5662.685710552273,14930.53118997853,-24413.433602248348
2019-07-08,3.6234753636361847,-4.324476767223062,7369.922910811187,-2612.5021249680335,-1670.2310390103996,1332.6918412450923,-1003.7624401563778,1236.1083828709209,-249.80449100276942,26492.856915427292,-30837.228953813326
2019-07-09,-1.7429458333128678,87.35575840118423,-66.48026235968231,2694.573284800334,-61.040849448222666,-637.9652069369208,4130.299527158827,-1764.4402024961685,1770.2623659723422,2791.1234688152413,-8884.374938073623
2019-07-10,10.047632891501214,-4.71702892588511,880.2254968888858,-388.9074067494676,1180.7223549619914,478.4396511762347,-226.68205027158874,3147.8848859420264,1165.609740952315,-833.2787491153725,-5349.064527750641
2019-07-11,-0.1031241707784866,406.6125090819987,-204.6252224330853,618.145833276348,-230.83584390721632,1555.8389213444582,4014.8914011084507,178.41268547081808,-1136.6640611680114,8661.358269688357,-13803.10136829134
2019-07-12,20.729730553515495,116.67511535796504,346.3782521746513,-158.7130218268266,466.9917402081609,-123.32086609453853,6306.457823904646,-2825.9720960694967,5253.83153499001,1093.6526818552752,-10436.720895053362
2019-07-15,187.73984491346795,-214.73585423514626,405.161127941347,43.713782731518705,85.3716835852057,624.5720560959425,-195.56876487967972,11029.20197084059,1001.856130405141,-3029.093289317181,-9878.918688081207
2019-07-16,87.00501400972465,48.28871877537947,-4.32318519411338,434.0353418677894,-152.94424136927083,460.83680841888423,754.4876463498623,21476.12925382529,-9085.278008200254,5961.12220081561,-19921.919549298902
2019-07-17,-1.875751641030841,181.47167769422003,-94.66313382672239,363.79882844070283,0.5561842073377692,-2.6722817547005424,5077.8507855666785,18882.14799137684,-714.8554521777319,-3028.1384132470025,-20607.120434638593
2019-07-18,-2.6075190140634086,84.00348791463692,34.752658785015015,68.53599095548175,265.4776876847859,-91.36037789930207,47602.900354820085,-23636.020354954817,1891.6421888448456,-10200.362816366038,-15961.881300770629
2019-07-19,6.925327280585875,27.828075277430916,114.62637097201545,-39.741281259991425,238.20976084537546,-35.074954287753194,22720.76081643142,881.3646056992142,-10013.959004133787,657.8711560891097,-14503.39087291362
2019-07-22,61.430078832751434,-31.778015481856162,87.56009858663616,43.82811530336141,82.65497587560391,44.53121792733149,-515.2389039793497,20191.054718778774,-17748.691396701186,11005.94826089208,-13165.429150034146
2019-07-23,46.33334293633429,-6.213068889550603,16.786833281458755,216.2850055320083,-76.36545996364876,90.14892455911884,2366.0519487082997,11192.634537130267,-5859.2863035750015,1363.5203919641258,-9293.316151683412
2019-07-24,6.4096135665706875,44.42661104476059,-14.76189093384124,254.3713496339481,-104.79277730955286,-24.86102825377133,5871.622187175847,3914.6069617559283,2087.7107328557245,-4550.445385320964,-7428.3863742146505
2019-07-25,2.7588824597191928,44.88918474419065,0.8853534987896328,93.73566426438924,39.347082554804764,-125.8058482371782,18877.57224676232,-9456.23469840064,1985.0947618519049,-3085.2131855661164,-8321.149443932183
2019-07-26,-1.1363689894008449,33.86939392515302,28.57208319467135,-13.477410080851497,105.83069122338819,-77.75930703740846,3988.7623719135745,7389.535454599125,-2551.983361810402,2451.2664994405463,-11297.440046378395
2019-07-29,18.176239673660785,1.1643436416925284,29.912128031852614,20.91809271792401,34.50083101072944,42.90774818236303,-41.023470089224,11774.249477753912,-6310.053376718325,6787.521541447356,-12301.423555651942
2019-07-30,27.867522640813736,-13.324667920724858,15.971889668194748,100.95168784853695,-48.116267762679236,75.85020493516339,-35.508698007753566,5053.118766578052,2101.469673361346,898.3364364784353,-8118.576547819384
2019-07-31,8.459610406835004,12.782193642194075,-0.8655194668481201,91.56918527919187,-28.991840574409746,30.561596532976363,645.1659861032894,-363.4240313103498,10026.267259965358,-13224.47247086702,2861.478030288783
2019-08-01,-2.244761544284572,22.388621227414855,-8.247158264283648,1.397637839816907,87.81398950653279,-22.753962883004217,887.2648862061129,-680.5976391333161,4502.232921902371,1899.3161855665921,-6632.930720423952
2019-08-02,1.7409410944251709,2.135126670924935,9.050183341060654,-18.747453829146178,96.095601997885,-23.50099865730533,94.67808267040256,1129.1552189779222,-523.5987354389584,32761.322171197557,-33472.66013802477
2019-08-05,0.7681869027290228,-1.62292189678225,7.7241483479143875,-1.2100784914181273,17.861075781115588,63.00478872455899,-21.188460828596725,503.3280271980595,1441.9454910215545,-631.8146728074759,-1324.1655839516593
2019-08-06,-2.629820814790994,7.201522262652375,-3.0913463224845494,7.870992406037657,-5.746389480960777,59.824201330614045,20.951698893885098,-69.17120879481513,1468.9570124593,10655.78302614613,-12086.349688085567
2019-08-07,-7.293072444127738,7.368552219037725,-0.0013020437160350263,0.2850708440223559,11.797434465904558,-5.087898690499384,62.413599490372206,-54.86383153100926,115.87241724237407,27120.423952892383,-27199.77492244474
2019-08-08,-3.863251959586666,0.7184228771851626,5.1665777049712664,-1.5598787608523488,5.8531366317741975,19.139475335259313,12.131109605685273,82.7663385975655,-106.2261185057266,28380.92852412166,-28342.454335647937
2019-08-09,0.4310032610460259,-1.5624690371284333,0.2556014817016895,4.018837711798955,-1.0096034783994612,51.16686840626541,-24.930419187066242,68.73214182690462,-69.65861595036989,9952.39038668889,-9925.423731723644
2019-08-12,-1.6387970607629572,1.1334513156047477,-0.25721934836941096,2.3565341958594677,3.4081181018272626,0.6001657326356661,27.048770599597,3.1106020088566275,212.07427697734192,-569.2605961393576,376.4046936167673
2019-08-13,1.35527400758947,-0.44688486704747493,1.4305723900536367,-0.4858863024040136,6.636694045189006,-16.32354975810674,50.02911061544496,-7.918540998627888,397.60524444280145,18267.503713766484,-18642.335747341378
2019-08-14,-1.2698586242376042,0.6019432972059509,0.27760475101349474,0.7712428743356217,-0.2514867764651385,81.88316767246917,-42.582050481372015,13.119974192635787,316.73397041290417,-256.00235909396696,-58.122148224522505
2019-08-15,-1.886383930936483,0.6667850192304574,-0.10033506037891034,0.706261434931974,3.4692152688584748,-1.6972058215461396,57.47566134392879,9.232651008207416,2.706264167566627,153094.2923782166,-153110.35529164647
2019-08-16,-0.7663213942592406,-0.1698542661208712,0.18398347905092136,-0.1575901907253257,3.0189697659718377,81.55805115779066,8.612574957255893,-22.514736961372297,-322.893436079973,310366.2360198681,-310058.2776603357
2019-08-19,1.0796850013949326,-0.5966472431560494,-0.147706959040774,0.8689707867460219,-0.3404444615039947,182.33896747218697,-92.42200602491329,5.898425872512135,-322.7274964218976,167950.56014630725,-167668.27189432958
2019-08-20,1.1373681844481067,-0.5777586193770063,1.162131594494874,-1.038631127767295,0.7314691897158522,-1.6578711494386482,99.16754520114262,-18.18475771783653,793.3894363071362,710.2836493711497,-1528.232581233668
2019-08-21,0.5192666084662133,-0.25858571685671783,-0.09034579248309864,-0.1690679101875078,0.8000162847445238,7.294425148984082,65.73135190842967,41.55068566622337,2570.154153437426,-9229.663155063161,6599.781255428415
2019-08-22,0.06198415691268929,0.07798231087373506,-2.4283329644358713,2.6289753767912134,-0.5381631079816408,81.7926687905279,-45.03739831660473,945.6621219646122,-325.22317812645207,4210.5522262600725,-4812.218886344316
2019-08-23,-1.2483511211720766,0.2194778044925554,0.282274974959246,-0.44033929171611447,-0.1388299600219219,6.594211841410103,63.504630408510714,2547.2431227950133,-2806.694037096204,158059.85604284058,-157815.09820319584
2019-08-26,-1.7513221464312698,0.15925419956881354,1.1157462297584892,-2.1853560818167197,2.590742411749544,-4.054841759522328,253.20200721224336,886.2355461005462,1264.6376832653068,161673.10413891778,-164019.51359834918
2019-08-27,-0.15664456216326597,-0.08850015730152347,-1.3184068263055873,3.0716742183526664,-0.4529910726589872,8.808946189522633,326.9939703929769,-139.30202537562187,21119.21967772786,-26850.06935572649,5588.28365519183
2019-08-28,0.8905839215030856,-0.5197451215704753,2.7511227848599695,-0.6154597777659588,-3.877809227903434,174.84556522465607,-120.91475520811129,11417.66054856733,18259.148634844867,-27464.720280179776,-2208.888405828089
2019-08-29,2.043898494667699,-0.8575238818855129,4.492971266153479,-12.592292315018875,23.87276124350369,53.65168882017641,246.18952235187973,25710.90366705248,-13260.30512958241,406262.08583749866,-418972.8154009482
2019-08-30,0.2021196695882639,-0.4590231310254838,-0.1593364476077769,-2.141159538170541,52.47705038578442,-42.78232790841017,1256.3520093970067,-575.1111760864313,67533.32242543405,-22194.743076778374,-45971.887504996404
2019-09-03,-1.3968061709567092,0.2703132826651488,-39.24833662222739,58.12366273023588,-6.443748469177943,555.1631960030348,-540.1789140234014,109178.89442005962,-60933.28292772456,1692366.03796824,-1740584.0288273052
2019-09-04,1.4019865773289772,-1.0234938338218855,54.42226374757308,-39.13697102480719,84.85570749300457,20.105866097611685,2617.7225149338897,10649.411645075139,47467.10512804456,1133042.2981467028,-1193840.9427938133
2019-09-05,-0.4075521873972005,0.9911941592503366,-0.12896498086307442,71.65998278693729,134.81070865773054,-1908.6538075917642,14406.5997341044,-32421.29072386264,149429.7367157346,-141398.34443417043,11741.35714735018
2019-09-06,1.405952461727309,-0.8144965624153835,141.29362097820226,33.718613969163385,-82.17399803114758,4661.362024700397,4416.6409421101735,3919.336783378065,104295.7204787577,1701818.5701964928,-1819148.6101182548
2019-09-09,3.239349214340406,-1.6027643715076305,428.7985878183496,-242.17530893930544,-13.260539381581795,14122.23942967636,-7349.961099661207,86274.7307668932,-92458.40000273031,7720938.963039515,-7721644.691458033
2019-09-10,1.9326174934188487,-1.4611692879316325,477.163956683661,-357.15612825384346,90.82944685698095,-89.9789495165426,15282.9123125176,26044.353261941764,41037.24269347958,538606.6886288793,-621035.1566707939
2019-09-11,-0.7795750127188835,-1.1972881769198565,85.53499249298167,-9.663513424888858,40.55623109976956,4390.035807650817,19263.555068535814,-11562.819191230587,376768.44955349335,-481878.9404986697,92960.92841324204
2019-09-12,-2.51416668294619,-0.523305362282168,-207.45990416197148,267.0011416237565,-49.448306145683546,48496.30750789123,-24362.63560391574,36390.283387474425,-351937.8150788953,5443985.931346934,-5152523.99701876
2019-09-13,-3.7149150894976044,0.20238881048701252,-157.3374984377232,123.26844443795905,4.427518392772959,9590.408529039269,14222.757750864252,-22777.335186131222,1781561.8594258348,3525738.750329106,-5308248.5267868275
2019-09-16,4.21771989278815,0.8748762939386364,-16.679198392326853,-87.45576768998959,79.51908781435668,-89.29890969911229,14792.988401342525,-1483720.5489006958,11374858.909225803,-3865168.6137270182,-6040590.812807651
2019-09-17,-0.03656869627307867,1.7481750363237256,14.075944731307677,-57.3147274018787,4.422603469127549,97.25895145873105,387.87137454615083,9148390.279406719,-5216425.534171141,2362310.782445409,-6294664.293434132
2019-09-18,-1.555098691771857,2.7034081360667193,-4.791271354436889,11.882665683079953,-42.73417564125224,650.8748575945183,-894.9111374971511,4042703.467288064,2947876.2781854626,-2266972.9670155565,-4723270.0577062
2019-09-19,-1.5018296340094208,3.0838940104031725,2.878742591640574,-9.337565222957663,-0.24736756433293455,-12.592401669185518,544.1808212925587,-352.60164325491087,2560101.9310311084,1356116.338974406,-3916333.9426560635
2019-09-20,-0.976143141400186,2.549542426257417,4.118908480795311,-13.89963255300088,9.662794396136112,28.594803915416083,-157.76362307451674,285281.48627539235,-436953.48013824975,1759636.7283870021,-1607779.1011745944
2019-09-23,0.6827172623309253,1.660069910287691,-5.846482903890331,4.080237774548708,-4.0031432791230275,29.710454209297055,-18.058593438620818,1009.4979519797628,233500.569793379,-363839.4838437397,129379.88083884615
2019-09-24,-0.6170319549052159,1.1340768875806029,-9.058669515442874,10.786496907581666,-5.867897073294835,-32.25917770982969,98.07643589159441,-380.75676528539935,160606.7681464657,3129.3649815249596,-163360.35059613857
2019-09-25,-1.2872052143206756,0.15341176694239078,0.27629909641259315,0.14359112817064207,1.2371675433970823,51.090438750119326,-35.802159283381584,2122.907144961605,-47739.63798879514,393269.06456452276,-347611.7652644766
2019-09-26,0.03605459705200505,-2.5002058305513946,8.69475895821362,-8.397276448065156,11.580948048074124,35.56571041873973,-5.047250876442062,141.6691180855168,1001.7727583910503,8999.260039908806,-10126.394655252394
2019-09-27,0.6403612462762217,-4.548665225028577,-6.0084524710840315,16.115953859055335,8.51923636772185,-2.339916355609096,39.44697684496959,-14.847364552236185,9901.787670736838,-23779.28990930487,13896.474108853967
2019-09-30,-0.8815296502560627,-5.444788309687124,0.5319110326752329,19.30772560406254,-3.847822044645568,45.5387379340221,-20.250674257971664,165.17191466435642,-3630.048081851423,29734.79797141095,-26250.785364532083
2019-10-01,1.1428154547657292,-7.37600882541319,35.360064428292105,-19.32958507551905,12.640776830980554,-3.551303408429303,68.5231248081152,45.848691207381414,-21.27660203821461,2611.5285916664134,-2669.910565048372
2019-10-02,-0.1365037956166743,-4.878204149958813,-3.5965115182155905,35.11839582749991,-6.593526150109986,176.92123888093616,-89.28446662505337,-94.84022432451806,1872.3958278319183,-4343.097096331748,2510.661070354866
2019-10-03,-4.777204641455762,2.293736349793203,79.34574538412399,-43.7489120882525,61.58735269522729,-47.819777755755794,59.38005495335519,-55.2429561107446,34.21415485214011,2016.650281099159,-2049.47247473759
2019-10-04,-0.29024358139017176,-4.4920951336828265,-6.223632649158002,51.93250616792461,38.357958549363886,32.66720505192778,-53.425085512154126,45.31511724342788,-348.46228973982255,3710.308689507058,-3412.8481299034943
2019-10-07,0.08078859619372364,-13.84341063600426,123.93046952614078,-60.89374559790204,-3.9568345227466217,48.4337984900822,-37.39388502227642,36.346145894761385,-60.33253986961847,16.549872212537363,3.8393409288323674
2019-10-08,-10.176200127974402,-4.90179653332428,50.72756886080704,11.619999770123917,41.81571918745142,-22.319379459133884,39.174155763911386,-461.59462784197416,401.7749972390479,-638.7561993091591,645.2757624502242
2019-10-09,-28.448196502104572,14.48244857410086,-0.43456412993992954,87.23182956173726,2.451885971565739,4.705434056595438,-17.68332715330127,-224.35084289528947,-4.485051754936294,-375.7078012546142,594.8681855261865
2019-10-10,-5.300144561531239,-8.688050585363277,101.24015838889153,15.955717666620883,-28.956538805034373,9.909169462602518,-323.2655294720135,166.16635460943556,-131.46497191299238,290.9502511980878,-32.97641598870348
2019-10-11,1.3025622295784074,-10.102306708988117,195.9973566533471,-98.15627545367016,6.739519317037222,-25.072021227578144,7.217110552786059,-412.66694015790426,102.52760083880904,475.1415894647294,-188.16819550814654
2019-10-14,-5.175505298322642,1.6708978487217618,-6.877470245346544,99.18797851572793,-37.72178364628553,16.036578980758897,-832.7019550468898,411.9252633417932,-44.56846143566384,269.1125688471239,182.6818881383827
2019-10-15,-6.178389820801794,3.5609679810819923,10.974369617464557,-16.37505825641015,63.78684395424984,-16.348656124837746,-418.5116890470067,-18.460470749859812,106.8454656625427,-53.03701412161745,396.55363090519467
2019-10-16,-0.6056168416363825,-1.9510862571440486,7.709974716533561,5.535057374412149,12.579283098015074,-67.34563887162115,44.21271382090188,-365.6942914383035,41.27791262583799,37.05195815817964,340.6497336148248
2019-10-17,0.7043562238684044,-2.6509526067117113,-4.166117113860543,24.736563980211194,-5.758571322706881,23.577495345146463,-732.1489141827076,344.28731465139845,-14.11361290080785,93.9128437105358,325.50959421563425
2019-10-18,0.3140203702083854,-0.3100561685627214,26.017897857884172,-14.42441581465542,14.416730143105038,-25.59261514783911,-556.0257501697976,182.57042684999675,66.48813781837056,2.165153216581256,358.13047104470866
2019-10-21,-1.147871756826259,4.353693662152988,6.866851009312633,5.800675147519124,11.468027415257229,-186.17977304791563,97.68401768341872,-290.63576069313774,72.18342287133626,-34.04136295265456,366.9280806615372
2019-10-22,1.1256754634017616,4.772054014458046,-2.5043935901726004,14.976224003372261,-3.633452941175689,-188.93661858339155,101.5721974504809,-220.4085722187842,-15.769185107705347,17.56821916810104,345.4478523414154
2019-10-23,4.952064096579689,-2.656372533645003,32.00348984169896,-12.989903070772245,-11.456069978480105,9.032310688183077,-438.01063737002886,166.6419678827528,-66.90473368070197,84.11820171238696,291.1696824120267
2019-10-24,-0.6655197090488005,22.987181559736076,-9.291745936773186,9.540777051959546,-11.43773887360208,-93.00778532871456,-354.91081756051557,153.61599934440733,-8.98261185632241,113.88061466841306,234.3816466404606
2019-10-25,25.014517075076473,-12.413968076664508,6.790126237265934,-3.174275171859407,4.396378500980204,-852.4765618232498,586.0908960671067,-125.29398123905848,155.55178841523247,25.531140463792095,246.50393955137838
2019-10-28,-0.2562679320503716,18.990711637211636,-3.6242609037490965,2.2193896286162187,-15.321515115429293,-303.07416417151325,44.496668778384155,-94.776564966757,184.130276246829,-71.43504079526515,294.25076759372314
2019-10-29,37.70630677030025,-19.192796771666377,-4.900739070592944,2.023929022275842,-141.23490985886508,90.91755850331215,-427.7750874828209,356.9892605156648,-120.4948986315646,61.89626533875138,219.40511166520542
2019-10-30,5.949138734014395,12.301571095281446,-3.5696604328929764,-1.538647949165273,-71.09297502716983,-306.86180912594375,148.87496006122635,138.58475697517898,-257.50898601053586,453.7828475336996,-64.0711958536931
2019-10-31,-1.5707226513592663,13.44141481597673,1.6995954779972353,-2.417671946195592,76.70196398960283,-930.1816492063523,1268.0729292569642,-955.3978899394131,214.3390428991279,672.4074490505237,-303.07446174687243
2019-11-01,20.007372365686344,-10.04492096794671,2.7605569876555363,-0.2976231100244631,29.54726198786483,-640.5210382174105,75.13382214171715,-192.11323830147478,788.42108059722,217.0785159931711,-233.93178947645856
2019-11-04,-0.18707866939949852,12.78152180374389,-1.9983245129170286,1.1411324925245538,-87.31322266572565,-242.1581000661773,-1836.1691663576157,2153.698502863439,428.26291852925317,-198.51687599494187,-173.2113074221836
2019-11-05,16.939445197231546,-8.23770279836245,3.853436382567272,-2.139967440003194,-719.2199284706742,365.5542397896954,-1600.2586254277119,2832.6400972821643,-798.1545869521352,670.9678566016581,-704.9042641644298
2019-11-06,-0.5748311303644571,17.74688923536695,-6.482262051478822,-5.5756269565278,0.745429567332906,-568.9990258309622,3078.9345311420266,-1473.5867896004165,-551.247725612645,1040.3690669510297,-1475.1796557133612
2019-11-07,3.2800259519424757,-1.5689536672169027,6.692475657175699,-2.3599289328776196,-620.6623903395442,-119.08464915005754,3719.283790206815,-1979.0974635413434,177.31644184984108,-412.4267702734539,-714.4625777612807
2019-11-08,1.0028671743307203,6.389911101456275,-2.782348492207284,1.2099129245491873,-1438.0604525972249,720.7962359675408,-33.32778655970034,3056.981003474289,-1818.897781720286,5029.22669399532,-5465.518255268067
2019-11-12,-0.16995074234546592,2.6589152906253917,2.544647821616998,-3.264585651846024,3.3854941388400954,-706.7385817396618,6796.311079586396,-3521.4413372399436,408.68834865130316,-1684.6556229897467,-1240.6484071252373
2019-11-13,0.19623663610597084,-0.15916301694872056,3.8083542965174635,-8.239743638254353,6.37131923393526,-131.54094747658593,-61.05510524883797,3013.592883670809,-1139.8657845443586,77795.87527204727,-79422.10332195966
2019-11-14,-0.3700359994396155,0.8091617779157005,-0.4253493145294848,1.6359554337904618,-131.08183903928634,65.5078427585469,-285.19647536401993,2193.7409601028116,-389.2726880797245,46861.328923944355,-48260.10645622042
2019-11-15,0.8306916711005595,0.31268509227256197,0.3460106221269013,-2.7049265833032132,1.7702395600234908,-107.14583188128341,92.93611776779989,-200.57857830196872,1018.30081175822,-339.9075669310736,-406.6196527739145
2019-11-18,0.6845200163310793,-0.35781625332551653,0.31743431932374344,0.1651979912617231,-8.906184940107659,7.942028741365744,-48.390212197574186,141.92810427800055,-129.30827933364367,125212.52800548082,-125119.78279810246
2019-11-19,-1.4836134326492962,0.14057774701571013,-0.35536170931109234,-1.0741337286112989,1.2105105366729643,-30.0447467970422,16.79105222729856,-45.53124187002929,105.94906737817837,-317.10039998248493,326.4282896309625
2019-11-20,0.2430875220795295,-0.5193001220536425,0.23272326122366987,2.073148908216386,-5.023744846717299,1.156543110649551,-24.17109958569378,25.37353688692189,-100.86844455777567,522.7310733040038,-364.51752388085436
2019-11-21,1.3733860069236832,-0.5221942480473195,0.5523774493942363,-4.9570489175671035,3.304266597600478,-8.076328642016756,5.6027631026194955,-276.1254836408618,162.77454761936838,-61.46908374239846,235.90279841498514
2019-11-22,-0.31659557092347074,0.6931608554666788,-0.19317488015531015,-2.4734058511982817,0.19270600167267357,-5.571195735974356,2.9504143998865837,1.1768417279496723,-139.92155742064836,103.30840912083123,97.83439735309294
2019-11-25,0.09855940753119569,0.22000122951088727,-0.05635460319514281,0.3083721331668944,-4.5766568361993345,4.344977475567789,-3.5171399621271897,-58.214315215450945,33.777285820932654,-57.41859296985604,142.82386352011923
2019-11-26,1.0298229579878886,-0.6200379043383848,0.47662500091744125,-1.2435781093156104,-4.6049483056242355,9.675459029635165,-7.6759290255285135,14.964686225610116,-163.68404132746514,89.09069411281749,120.84124734530377
2019-11-27,1.1403153470292196,-1.2802364296919515,1.0743546134957564,-8.291598131052634,3.9647356032412855,2.956995032668067,8.23872211142223,-249.54093394158315,132.34065499731412,-16.77397752392832,184.2909683210854
2019-11-29,1.110128273710182,0.005444668136142468,-0.6306513368115783,-10.121880716878453,7.280470413238834,-3.2159069153717152,32.80881986598844,-120.88315520574997,-28.669140915584133,17.07697061203177,163.3589012572905
2019-12-02,-1.2781970652667074,1.0762581781638132,-2.853887553120493,0.5227848760972376,-7.022598913431752,40.387349921262384,-17.798027436266427,19.34195616344158,-160.86086006383528,80.75292976849231,103.70229212446334
2019-12-03,-1.399538990580906,-2.792403994836269,1.9163763931251745,-16.29368569877359,24.974646595036027,16.50380965694743,-3.1287567699693586,42.15938564228688,-130.0812661721799,53.77561113669194,70.51582220225256
2019-12-04,0.3647835790508934,0.046179314357486734,-1.4193403983300972,-10.364199127038843,28.080117811087757,-24.115036323777822,85.47990157288577,-183.89539595052278,80.89250344902055,-16.66765595119395,100.05814202446106
2019-12-05,-0.22906917088382037,0.9613405031475023,-8.276583863156167,3.624987659381857,-10.670605825909306,202.17811713923604,-74.82973192413621,-222.0815247741066,99.40686789383429,-17.16332129287564,85.49952365546808
2019-12-06,0.38675587721757604,-1.8676612285632979,1.650405580602439,-27.8546872318788,315.03578577864425,-152.33569275230033,25.841266680963493,-110.43363285194593,-60.37108962769667,22.26195695203423,46.88659282292308
2019-12-09,-0.10406157192113627,0.16970135213834378,-31.250928154773383,2.561189459532815,122.45096807487981,97.17965889466414,-51.88807893160643,-9.889808687607548,-135.34977493066992,143.01384768793466,-77.90271319257135
2019-12-10,0.23711969831289043,-3.8502869417577115,-49.19412322237697,27.72413370893133,-0.9934776885298959,191.8875605051786,-43.49090723051798,11.430348625557476,-88.02029593651226,-19.367766757933353,32.85769523964785
2019-12-11,-0.30618446739838967,-49.528168725471986,50.138973082705725,-26.52235127051973,81.64248975601268,64.47835797383199,12.966910421208379,-17.20457581054138,-6.6004271216899495,-357.3789569353745,307.0539330972372
2019-12-12,0.061436009480776134,-8.10809407712504,-35.542403774416044,26.313379679325987,255.9602366982426,-128.2006164323497,19.293749676455754,-23.844923174925572,17.843458515933314,-114.03961353884925,49.443390418227196
2019-12-13,0.39804526484096886,90.21343373336609,-109.00250062952138,9.201061320153343,59.233998488718875,72.9853267607313,-14.442257873029774,15.089435824647566,-7.690938234185611,48.65184308199871,-104.52744773772008
2019-12-16,-0.24838408409036294,3.877235644328638,23.4429423526917,-29.23982973442951,4.48553503879151,117.49759097534462,-47.04488836000696,70.08241028418313,-24.39623266681851,-211.2645969081473,153.01821745815306
2019-12-17,0.20753030516310936,-23.576473222932293,28.726076198456536,1.7662633055264179,-12.778372530670893,59.48159909499472,157.7788510995694,-81.40001982136616,3.0362340530848666,471.32135522493684,-543.6830437067625
2019-12-18,-0.14154096475357253,0.2772803514735623,-10.83991364549568,10.738177511683414,26.679624056130642,-16.32689098387932,142.3928501193274,-30.62701279902721,34.27697542743339,-16.298998510605163,-79.20055056228746
2019-12-19,0.6688398299120085,-16.811023667026397,11.638216631493005,-2.486979824105264,16.292997066244066,12.545879388101445,-5.628119899278386,148.02803718046152,-34.13258911212487,2364.0861120918808,-2432.9013696855577
2019-12-20,-0.45709900072173715,-0.2224833099466383,-7.55009171081629,3.65603332689426,-1.3315188108855756,22.385983811575226,45.530078852406234,57.22603913874058,24.302374535551863,4781.562964193966,-4864.672281026764
2019-12-23,-0.5063595246835292,0.6111993141772525,-5.123393118831595,0.33703900882725124,0.2827924868353134,1.9037156011094754,93.00304629729858,-37.3985157794511,332.0904822593218,-11.460511422186714,-313.2294951224167
2019-12-24,0.33907176501821545,-1.6685769223811815,1.5232080524819676,-4.289762981267976,1.9378476620208787,-1.2807148707406526,37.07340073886363,80.61838207180833,538.7691019238147,-3753.2675218124805,3161.4155643728627
2019-12-26,0.7952207341787186,2.2158746985089643,-4.739419853156475,0.1193914228775121,-0.6149718945125461,2.406546750466769,0.5964797444748328,533.296303686751,206.37912756960753,-3293.8311946116637,2615.0966417524673
2019-12-27,0.611246471371527,-6.6283777385461295,3.945227259539202,1.2414972902385055,-1.143946660282532,2.3378497481449796,-2.261115862791101,1138.4874238482912,-431.64656060050754,26.611787712230882,-669.7950314676891
2019-12-30,0.25540045515250404,0.3372023139534905,-2.4400092303577394,0.029402181939275587,0.444029563249881,-1.079664729903522,3.1968812714401555,1442.6557880307444,-769.483682715205,2695.986921745313,-3308.242268886326
2019-12-31,-0.5418149817911522,-1.6027005656031856,1.1233948138060534,-1.355103581305636,0.8958910901450581,-1.5659280420651305,18.703597297754165,1218.6915585285121,-564.8083200698927,2339.378368232877,-2947.778942722437
2020-01-02,-0.6046437567695432,0.4839592775465377,-1.0456336674499382,0.29180528929623767,-0.7821029429157276,-0.963057423385334,35.84318553676042,734.3879923937806,-100.21813215608967,157.24065324189897,-763.4640257926725
2020-01-03,1.4287970422237901,-1.1761814593785997,0.8553534807765024,-0.4879756235909107,-1.1811103657978168,9.537221011210613,37.962241331653566,307.58651358731345,293.81166583133955,-211.25201145465593,-374.08451338109427
2020-01-06,1.808379407439322,-0.7403102073924825,0.4118714333996119,-1.6912251647827283,-0.13107576582202532,31.647503162894544,20.069206545219593,50.4074781800804,500.31977260562047,278.2898780346252,-817.1214782312819
2020-01-07,1.0613482753867336,0.9459184472459462,-0.8381378775318962,-3.456247610088583,4.96291444022786,46.94790709307473,0.469582969569921,-11.003595682699581,491.5111117162648,151.1307628095582,-619.0315645810081
2020-01-08,-1.5648183108123734,0.2290907756706801,-0.1940032814796552,-4.340221269558649,20.882776126374605,41.14787579507228,-12.38434973768227,58.1633726898942,339.9586210000933,80.88641414175154,-463.13475792932365
2020-01-09,-0.03581762919065846,-2.0557742780338524,0.8171829339198702,-3.6289967776128815,59.1292723245547,5.665510271715177,-20.447660621798956,394.6143533571443,-91.22036197685904,-66.48102933428346,-216.79667826955517
2020-01-10,0.48401166391026507,-0.5857095360028133,-1.2529676835256496,-2.4615122768897266,116.01014775602629,-48.43436237974822,-28.526158558650025,814.5699462569219,-624.1911134360535,-27.09566916589992,-139.49661264008856
2020-01-13,-0.40151444526164876,0.11219544650569536,-0.10729726214808802,-2.637172774641162,139.17889971254422,-68.59147844254078,-33.50224079075472,720.533388871449,-626.8610902338902,181.13823745950762,-250.6919275407699
2020-01-14,0.1844330675647781,-0.2603035772384906,1.3428758359508817,-2.3037797825520783,61.53468758598357,-0.4826936411647566,-18.915578217012843,147.79108023037293,-55.38463042466396,133.50183433982724,-208.66792541706727
2020-01-15,-0.3458295203538658,0.12669581608513,-2.409357287217299,4.445230678684249,-2.8659797381867276,22.533816698391036,35.380227085844865,-76.29015245549773,257.34109325414016,-431.4395443019694,251.3837997700796
2020-01-16,0.3557009087952055,-0.04787879757717359,-2.0613613785381424,9.109267468054874,-6.206536954113868,-12.104459230084787,86.92332699795408,-118.56654044514552,293.6542542251755,-919.9857768918621,727.4500040973419
2020-01-17,0.9532180231040671,-1.1553713566685653,0.778779001107839,7.639506933811023,-7.395502100445426,45.96053620401456,40.617901452695,-42.458291106010215,76.9340782880137,-726.1264377470857,662.8015824074637
2020-01-21,1.4468571453271872,-1.7047811092586038,1.5931018889880546,0.5551602635435295,65.49974322734496,78.78413376641696,-51.86187638184929,178.81094985740577,-348.86811542558274,309.799467710414,-175.80464094274978
2020-01-22,0.30118214521011283,-0.23327385507188825,1.4098707342386325,-3.9189899548787963,326.83729710316646,-157.45247192518846,-59.40018134229424,200.85346438564198,-530.1843787912355,265.02733127523777,13.52015022517395
2020-01-23,-0.7935748144644996,1.183269747946141,-3.8960842214763596,12.177497322069229,100.6486713389701,43.30475485459729,-22.69547788461582,9.9610705503464,-176.57973727384888,-208.3002762110017,300.49988659147806
2020-01-24,-1.321439236595627,0.7458450977765642,-8.616638196266061,37.23269833675061,-13.572844156112362,129.65104887923462,7.506394620274851,-43.80173649131503,73.59468790989716,-4235.384834407243,4108.056817643598
2020-01-27,-0.849294132147147,-0.4701638539037557,12.435725207170972,5.545098864207747,66.31906189820228,58.207447418725216,27.764787208778017,29.54436689562167,-1007.6524899104849,-472.49995936975773,1334.7454197735876
2020-01-28,0.32169947283285844,-0.8852111561006735,25.341457838511,-19.73507066496912,250.92766564960172,-117.14045514532009,39.87684541484833,-53.86467040068742,-2159.248922649312,4858.9787015396305,-2771.242039899035
2020-01-29,0.13934553269713748,-0.2328848978380965,2.50586786423206,13.720694891311334,82.15766997812776,48.12295961923403,13.488732027801147,-289.1766878767966,862.8985680385673,-18804.14865055003,18123.814385372694
2020-01-30,-1.4594405334247125,0.7137213556437171,-10.74200248881156,50.370213384257084,-21.671118869947705,150.87442294643822,-25.730866186434383,295.1679216822351,-6157.725545798736,-38531.54496757883,44303.937662087614
2020-01-31,-1.79239340440414,0.8725626864904056,37.62375363986326,-33.513543132879,277.85157421955284,-116.73757366524984,97.61589549598008,559.6259782353188,-94729.30901243616,46290.425959940025,47668.91679842146
2020-02-03,-2.1588125224506123,0.08730955612881394,-37.44066848549693,229.96753711090568,-92.23517805855046,172.66260117477984,242.3397256503962,-4999.995295563842,2628.9077337418667,-38905.804344194614,40813.729391590874
2020-02-04,-1.4890807829519264,-0.7777856595201702,128.0554616268134,-99.99609176261792,652.9249324235107,-246.82586419643113,177.32303269186693,-3573.758124965765,-33282.912895767295,5330.000677194751,30967.045739197638
2020-02-05,0.4221339436632517,-1.1799642394296568,-106.63829223349364,1827.5334996804402,-1021.4370021712149,341.4955932331915,-569.110472279563,207.27722439190086,-57371.4119560886,26010.06456542064,30733.854670342473
2020-02-06,0.6683232183222898,-1.160176239187536,1776.337196964942,378.9975105479254,-621.4629722103762,-305.9440944365629,-991.7687932235181,-14966.436833839096,7810.841934373154,-28006.995406046957,34977.86331089136
2020-02-07,-0.01868334506295138,-0.8757285201699253,3379.6045661231965,-1756.9948445063958,330.9976999297356,-1026.8467875151016,-911.7029898685587,1023.9117062615202,-63421.10203100223,29394.05464787981,33039.31244456326
2020-02-10,-1.0314369552708715,-0.29687018617503114,-181.8484295208376,1799.5207586715858,-1608.0706201327598,650.332385930578,-799.3676044469537,-1525.6580369946919,1542.877543911032,-36694.99685545377,36868.12916517726
2020-02-11,-0.9540511089659174,0.6248702306192747,826.2122195196325,-481.08091353312864,437.6428086933415,-542.9213314261171,-443.66586888760014,-923.0048527736972,-11592.194282412722,-20402.84101450187,33172.18241620051
2020-02-12,-0.1001458578005848,1.7614347805313264,-96.4255315851232,1151.900820460707,-1617.4230753059105,788.5863853429423,-374.6892585831622,602.1185978474017,-34050.44443332534,16394.988382708525,17250.85682351723
2020-02-13,0.11865561751360724,2.7787030550379095,2114.693907058871,-1103.2628333469281,57.032370095974564,-869.3315090613413,-134.4670633056958,-1936.1435683002082,-11634.682134283827,-19123.83784474238,32678.511317212982
2020-02-14,1.090646812014998,3.303681077913081,1227.2158188699589,-53.77844660421998,-1803.5890117988054,782.2016536750617,150.1038265593247,-8093.923931207462,5767.90001644103,-102879.26656584864,104950.77231202382
2020-02-18,2.095632481883796,3.0661328593108945,-1.2733531723167224,823.8786769163552,-312.07165985312116,-556.928753523026,418.81226624773393,4606.509950430171,-65063.78336068579,31526.758331209745,28605.036137089057
2020-02-19,4.9359832123623475,1.9608826746932255,278.2002576034372,-154.35826427625813,474.07279308816703,-918.9204090092919,434.76188598618006,-50834.41652472779,4651.855352839661,-64754.11809647888,110869.33613908773
2020-02-20,7.764814655149584,0.0455914746703821,-64.1485642743892,399.06292849429303,-134.94214371209145,188.11568891401706,-857.2094565918982,-46075.656126178255,57594.02706186543,-400778.6854414881,389775.39564684115
2020-02-21,10.241727677677344,-2.3570017152097402,-82.50323148533356,347.2197855289667,11.852094901191306,-168.33370706839705,-767.9287058925288,428.755476099967,-108738.60517055442,250350.78694055087,-141335.76820804278
2020-02-24,10.8786221704612,-4.445888874971683,112.4689770861606,-41.86858665518279,315.33098505874403,-2006.0065827486426,1532.7901717379305,-12315.126715485376,35459.75220725909,-2659686.6110589295,2636674.1978693814
2020-02-25,10.200156593941553,-4.771575248820126,138.63309353010658,-103.01993234818231,220.6963721877515,-1552.8543600203695,1481.680527754615,14113.481452694961,-3172887.113224488,1610220.3681755702,1548412.4793137743
2020-02-26,6.89483432089192,-2.0675972674641594,48.72416614677537,16.325644868523277,17.917500440026114,2374.252117396344,-2989.768669059348,-72718.24493150276,42168.88500463415,-22026301.456513926,22057427.20844395
2020-02-27,2.078334722828834,1.539356886333586,15.812277231751356,57.42073103930373,-27.437892630286917,2207.720092515771,-3791.598208106809,-31112.994994289427,-4870684.126080658,-35692518.20457259,40595896.96095587
2020-02-28,-1.4323414059530355,2.5035579413475695,-0.9371956388988764,35.82458433273741,50.931063065599645,-1133.367287595142,-1251.7555296941314,5014.427000879245,-50553036.976023026,26613607.81036097,23936757.80181017
2020-03-02,3.3983200589529043,-1.3019611881546953,32.68337915671287,-29.558815902562436,68.48285081205162,-5890.478744734621,3134.23039044467,4912.179697065649,-22776879.726826195,-10022725.311697269,32797422.183407754
2020-03-03,4.27957715597101,-2.8342600793369384,29.39465697108308,-38.28909155735947,24.620015308999292,50.5418981951937,-2482.227733511677,-13503.24292254431,1345275.833148818,-41769074.917344734,40439764.11205598
2020-03-04,-2.673534155334322,4.521666211635117,-21.85563861631964,27.28002584472406,-14.7921080993005,-3654.9517013490195,1903.913688512621,-888409.721929143,11625217.0838096,-48931823.377210945,38196821.35293214
2020-03-05,0.5544614660420405,0.8381788711565814,-4.354353022563689,-11.809952261782007,-0.028144801226130247,138.49431495044124,-2806.679950965456,-155817.7205396057,-780722.2015111048,-30312930.533612918,31252199.34110939
2020-03-06,5.457928711557033,-5.6712334279208,5.500826370760157,-44.9483878819692,21.63663705869051,-782.5511027373717,-2414.9707372752014,3420.27653437368,-59860161.977270395,29723836.253001593,30136162.133803606
2020-03-09,-2.6513112496946585,1.8397481910034814,-14.763929956613355,8.761887625309175,-53.52001181554211,-2788.6013852987794,1516.3437391210236,-206614.84224324633,-40176654.19824448,1510060.0554629364,38874572.626288176
2020-03-10,3.412633965190988,-1.558286252069467,0.9471375292183281,-168.9803377472989,73.42362322918004,-136.28340083706013,-964.3183008863324,-26414599.418939337,13705671.351971462,-30496318.736004163,43206474.62990303
2020-03-11,5.64220027233552,-4.94633604857374,-17.898546689652353,-155.67036931667664,47.49267210248824,189.77197286951332,-6200.878415403926,-3299059.998248607,-35600032.68890058,11786773.40781331,27118488.89615809
2020-03-12,-0.5296173414477218,2.439245092010257,-276.95766717620256,139.77817654381778,-30.781055398714056,251.7414897369022,-7521.89744778053,3890.463222775885,-24475520.887449566,11270491.513759246,13208606.67734387
2020-03-13,4.489109730076312,-5.42918235374566,1.8754977067611136,-223.51659824781302,38.90945297643848,-2.162771051155726,-2358.87320475799,-3919708.665468534,-1978429.3334412046,-78681924.79964483,84582639.22625056
2020-03-16,-2.4402869176541793,3.064243571251289,-492.7762983281796,253.17522298759658,59.38541265440114,-325.7380491007186,475.1124391355459,-8301480.220551284,5240847.208466576,-46590709.080036394,49651401.2694371
2020-03-17,3.403300473680545,-35.78812151152646,75.17890090827963,-245.8281205406124,2.495636553167058,-52.33084999050969,-2574.808836825487,-17775.3262204873,-4445823.488786648,1466785.3961670205,2999668.0569310477
2020-03-18,-5.668994216507573,1.5196875375387804,-263.6764109817961,124.05818084258355,-163.5904445593568,471.1890888356613,-15223.429410388537,80170.29944144984,-3125639.4312773026,-14956946.988147223,18017496.198286008
2020-03-19,2.534367319161557,-148.00656222668508,70.40231363499863,-192.8879433289131,59.03365895961259,-1260.3355386317498,1574.8856708344476,-312718.862942211,640863.3028585326,-5988264.650259369,5660039.674376487
2020-03-20,-26.98580393092371,12.562955758728611,-204.64482697691616,72.05214424462186,-782.913472422916,2994.2887158674207,-138242.68957302993,132808.75212534762,-1399595.89280565,9710172.55388425,-8307187.603343457
2020-03-23,1.8829299785674094,-126.33951138662484,57.63716558019217,-628.4837673733188,202.75427470819818,-13346.833180794363,11619.378529136948,-1698008.6018103538,2395112.386236199,31702960.307760686,-32397820.75862638
2020-03-24,-18.75397654221407,11.583076871501277,-826.9240402018137,353.4153913889852,-7764.460304321097,36695.705298728404,-3057150.1038888423,135207.63866255837,7680506.273836461,-4716996.500952273,-69996.84310382884
2020-03-25,8.922739509517617,-274.06965589759227,132.79733022792846,-1889.450621536756,657.9106806358886,-215272.07104710955,-5283090.0221394,2664679.40601086,-1684518.277440572,186948868.963988,-182429283.3598447
2020-03-26,-171.39874953751468,87.97699759141227,-3536.6240707962374,1571.4721654540722,-111695.17232082256,-561244.30055507,421713.73166785634,-2576027.411710073,82769525.43065569,-74061918.70056342,-5878288.403516874
2020-03-27,0.6455941606670539,-1094.3965867630875,1336.4129588257304,-5537.000702032665,-1364539.6996865917,683307.0916780678,32284.705978923783,-1183218.2902538728,82925968.31858009,28177764.611005902,-109266256.9185667
2020-03-30,-190.78958980626453,464.27008668175307,-15035.860490877716,3765.5819423818602,-136548.5831727596,-528557.3661886874,-349696.20183130645,-67122.13441514166,-525582.0297972199,161608747.18680498,-159990229.97334823
2020-03-31,28.90253487733882,-29729.035025717087,14960.789968281964,-1194.516784269502,11656.6829361413,-1102841.5173727486,-687567.5076676781,652099.4286018955,36469511.718268625,29533443.327430945,-64860347.762890354
2020-04-01,-13.794737147599266,24.937038705045563,-16012.067728324002,3252.2546862883046,-2543.9848580245775,-1707668.3149089182,566959.4611666255,-302274.76554688497,52172446.20396898,-27620293.711921778,-23093855.93715952
2020-04-02,0.46680581633853147,-9014.465791527562,4626.808527261219,-4458.130860834995,-3742920.141571037,1667241.6545777188,1346943.6485196254,-822586.3273089507,38674130.4279485,-18971194.150543787,-18142744.610302784
2020-04-03,20.298529834621785,-4499.2763087558205,-2237.9405369609563,529.2719025896395,-4193080.828208145,2098429.173362768,1054731.049595026,-409563.4526563154,17778842.84907359,49220924.51530034,-65544067.30005397
2020-04-06,1.883500652292094,-35.27305861622148,-7228.044350324007,2096.672278420129,-158379.44224101314,-1792137.5503311339,256390.79851089994,401046.8456279873,118453.34512533444,272486518.75170666,-271306701.77676886
2020-04-07,-1.9746156876320844,112.70780336408085,-2000.661993381161,-2484.181572267223,2504.9273221020644,-1488927.9622549922,-425306.08264929836,753701.6838377509,-4320801.845259635,560612218.4131467,-555128991.4837646
2020-04-08,5.694646515985672,-11.958883333960127,251.41273495213395,-2408.2455997209026,-17753.596298164226,-758496.5966629903,-636752.9237764924,314423.5970236531,-2512710.65016623,428504811.74271154,-424891333.50572973
2020-04-09,-2.2170278585595082,168.87490779151335,-224.7997157036355,186.49080521508904,-1186532.6785535093,592765.3690534175,-259091.67411103527,-331081.8693543068,1184.0693283724881,40746455.0598635,-39563803.725195885
2020-04-13,8.608225539652645,-144.32247469772244,590.8293934267481,373.89243518758275,-235307.94062248233,-506962.85411080543,136943.94713090642,-597133.2535472724,1071769.0033065672,-13277447.727327473,13407332.177591104
2020-04-14,-3.238647302413194,300.3581633609967,702.801121889576,-1241.233676560079,745.8095555675509,-712081.939426343,167337.41602126346,-246030.9607113125,1266702.6677569244,-13733287.506119916,13256875.975962428
2020-04-15,-2.378957596948633,2376.5289717263668,-1114.617189804103,-1387.7466515911283,917.4600037789758,-284291.5807186298,-319060.0705973703,94112.31336040398,-2238797.9619514258,321153854.83534193,-318406586.8216114
2020-04-16,491.7742119768412,812.9108394963836,351.1655916264444,-825.9823119940186,-41809.63809494849,38066.68751930147,-578287.7760230055,118773.29300650278,-5258541.919120024,1575342062.6502028,-1569621073.3458216
2020-04-17,2043.6561034388255,-959.7513438897133,454.84856048650244,-83.18278573909271,-28414.979258976146,25889.453081654254,-245148.34128531753,-887685.1494312254,-940870.1137785406,539841053.2452457,-537766261.3751075
2020-04-20,-27.07091481753614,1526.039419635744,-229.62744421071994,264.8849976226063,-1385.4577449082537,-68952.33551666762,30097.320076799235,-2017113.4312538116,1365154.8833482803,-14070501.391136708,14761129.206168786
2020-04-21,1975.0111159142862,-619.5988911926672,361.723128974572,-225.47555614898678,217.84384115946042,-21270.865140374062,-72017.48621255618,-404512.96409185755,-6519435.037546561,1579472497.9491675,-1572456962.1898148
2020-04-22,1516.186193931469,1613.3674158113126,-1802.075518174013,663.0867610740625,-916.7935231926803,5158.052986624718,-187189.07543563674,161701.7687979354,-32302044.121384382,7396563359.489524,-7364242046.245818
2020-04-23,6522.549641163302,-2862.494399984588,-821.602665979318,-210.85061545668822,-715.7982231268454,-234.1485180023906,-52700.00885258617,-553084.9185561975,-15950864.668666609,21878081.39461243,-5323094.393755652
2020-04-24,1225.4460407779807,2712.2467125782637,296.9025841067297,-1609.4467643349815,101.48029783163976,-8811.903786512827,5644.663832134656,-16705115.369449573,8846510.30011315,-90512494.70764565,98371556.3780655
2020-04-27,-5.091717526043348,3721.2331399791624,-1115.8547729513946,-64.05588799567461,-218.96983655512835,52.37275352836786,-55460.70448686845,-2410450.0078303902,-15387695.419844016,494881937.6736934,-477030689.00521064
2020-04-28,-7.673450134945714,1416.4716717645667,-157.7875378921207,766.6345128335345,-39.50558996703479,4849.390992580797,-55528.48656503198,25438.12738990089,-17390924.89202907,291809380.2423071,-274395180.12170213
2020-04-29,188.56206325818883,-105.52936017665972,2026.628222901064,-613.3686997776471,183.5705460860233,-1456.1342928815184,-4193.2403897135855,-27104702.938745886,13632864.538272878,-961950.8675844895,14437773.8199678
2020-04-30,147.7379523864721,-114.00883144128485,776.9572355089914,515.3635186815483,-222.20150865734752,-6852.878340323239,4548.303866866105,-18455520.550898492,4165710.3485520915,277571820.59740514,-263280790.43895176
2020-05-01,1.4012844990508309,323.1977052472535,-170.00278988510064,705.494762554546,-206.84857496606267,725.4975487045366,-6028.455686629475,6616.816193712007,-4747107.658174087,-2191675.330475356,6936835.608206207
2020-05-04,-3.033996291773453,89.30832500995675,226.61855660628567,-135.52600350201894,371.0014424419279,-264.90238383478396,-713.7102885305038,-305335.39182146935,1416906.2869215852,-101816143.16700727,100705022.98625526
2020-05-05,3.6699847373323187,-19.61788128626197,232.78514589894223,-38.44617995447744,236.94829412934695,-948.6712619040464,910.8861818013238,-193205.7414378048,20781.70704360247,-455009.9692141355,627081.0093249157
2020-05-06,-0.08299854306224931,1.7110892896092882,-0.959470924185451,402.01625637700243,-122.04803113408964,-5.629710155668948,-733.603094592642,507.1584235254134,-672652.1660275293,3594562.5695882374,-2921935.0860245507
2020-05-07,-0.5304932060110231,5.874540887180861,-25.24901799049018,302.5744330946867,-28.715772281390127,355.3714502521069,-874.7700210395552,-528.1834006858926,-4619.16338536002,-5144.372778203123,10580.844444532508
2020-05-08,0.5306227412818596,-2.100422022111052,5.871972815334224,27.28104639085502,247.61187399246873,-15.590638355768355,-15.485499033959735,-10614.885311843615,158745.82026833997,-1307381.2696921388,1159026.9457791143
2020-05-11,-0.6585191430304742,-2.6839037844320788,26.710393916944234,-25.521050499381257,288.2592609130549,-318.39607979403803,284.0739694168574,-1543.4269904551861,-4030.406646422465,81810.00411818584,-76463.93455233416
2020-05-12,0.8186016675868351,-0.47054753524052945,3.8821868433284847,-7.060260922346415,281.3635084052311,-179.41711292961733,17.905748488644413,70.28055438083823,-48766.45274400984,139766.86146801297,-91161.95140240155
2020-05-13,-0.4651998081590132,1.431394479319932,0.8356755201681,62.70407860341078,203.25483726166524,19.39196738553851,-93.66812957390714,-208.9278351818837,77.0172860323068,-73014.94511484791,72978.74104012945
2020-05-14,0.8264417556841218,1.860277309449422,-4.682634171804788,247.24715123475326,21.183690089816157,-50.06929371794626,50.4884393810151,-312.9553726761473,12320.052084776054,-215531.2615247718,203284.71074079094
2020-05-15,6.077849608560661,-3.410064168554948,-0.46631903624180343,472.63170114730224,-205.90363462557903,53.141958538298134,-74.96594312703233,-40.37741092462736,-99.90998903726089,-49858.51310706809,49781.13495869322
2020-05-18,5.546349088169304,-1.6161992866281607,18.13291141734855,466.17460468815875,-210.57408527493627,-27.360374524149847,-4.383410930621691,23.036964627624148,-4739.704240342509,-4152.112251451514,8654.68973198906
2020-05-19,-0.7045879148184628,4.0409889736628095,67.64510549602042,121.55267058023014,102.99273991614484,-133.24721699839654,108.31443566197545,-61.433074551371504,-23.22354734804583,2997.1612599781815,-3150.7987737935828
2020-05-20,2.3950002271873503,-0.9764164531829349,109.75439759474764,-54.16554792712744,272.32251891208324,82.58031372518111,-118.47089618967259,-119.71658240728775,945.4695371763573,-33810.66956936707,32725.037244708783
2020-05-21,1.7484300850480525,1.3975388372997788,29.133021809591984,426.2786595185859,-81.54740748452903,-56.2473318017253,-1.8495184702825078,-111.80697503033768,1243.7984463668272,-17942.621781699527,16526.01691786905
2020-05-22,-0.5023486088070277,8.179672813044517,-9.664053712228661,710.1688661859378,-273.52790142784653,-175.74607052523578,53.59646025019993,-47.93500901259562,-38.39306795777047,-674.4319312175619,481.7453832128638
2020-05-26,1.0824811944600958,-0.28367377382281617,429.006432252383,-209.21783388409776,168.85587708048627,-46.89406707026908,-64.54651888747381,37.049381715380555,-1512.5809185435087,8666.444349661628,-7434.215509745165
2020-05-27,-1.104353495493846,38.66291448695754,-22.540949283162465,333.196885689276,-63.054466963916866,41.55656180727606,-58.29091340333866,66.23690025569337,-916.909970761088,546.4196568995178,68.62773476827908
2020-05-28,-0.46350165039468266,3.739666026187173,365.8506081761072,-107.59897604705536,34.73537247566514,-18.141381600936842,22.068482247096753,-29.030556689261523,3042.3938428529127,-17316.530994197234,14036.647438406913
2020-05-29,0.9962138498136769,-20.898984856862064,509.6279061994009,-221.77559158379054,-27.232132455199835,57.25271910169465,-59.387166770096805,749.6618916394776,440.5995574293409,-750.7116775253628,-642.5627350284158
2020-06-01,-0.28784305195664,133.74114716963538,-71.01248401151159,168.45142754290055,-4.611273877803279,-46.271701637124025,247.63823829138823,1541.0065778393473,-8452.083503419308,146079.40106337526,-139560.48164822083
2020-06-02,2.0922713796230283,-1.2708411452364932,163.82481788386474,-43.242862209678165,67.42702749297648,1.9548299372432634,277.9586899016299,-572.7739536905153,51668.55302236365,167818.14846952556,-219345.79147143912
2020-06-03,0.44252791502467675,211.8365370924202,-106.94200668315001,35.18004705783382,-12.303114446330087,127.9713796808869,-56.01852130136814,57811.37150413107,82390.30737838094,-57174.1402308988,-83190.37550092852
2020-06-04,-0.9613573830148316,92.03341180685155,38.551921657670455,-24.32458194624539,39.263172967233864,-16.16957071344888,1592.5751836915506,77081.01010719655,-54987.074309718395,498510.25894513517,-522287.7429226939
2020-06-05,1.2662167966779045,-0.9813295498661823,123.41057794227713,-27.147063771375652,33.94456967478889,104.53095937639773,2558.528512076138,-2631.9964497815754,692443.0431124346,-191978.8281684818,-500586.28093671624
2020-06-08,-0.591130835747767,14.53690333885704,13.952735329557639,69.21137094393909,-19.234918543655375,893.3874730542789,-2680.2092907758915,205310.24409039438,695809.9416895447,-353909.0565160606,-545464.0124063898
2020-06-09,0.36551766359445526,21.835108795344283,-11.170745015390793,48.268606868496335,62.54467827615072,1495.992303642457,-6438.606428705737,1205998.657745798,-601412.5677088922,148878.2326211267,-748604.5716995574
2020-06-10,1.3025639597130116,2.395985365643545,25.542722960578594,-8.916425677574235,513.3188313881905,219.4262042787017,128.1187083579552,152585.5075360938,743440.3208805411,-702767.6658459004,-194099.8111613677
2020-06-11,-1.6135037821835345,-1.0746586687465745,6.747045184825059,27.26851904695302,797.4476743413189,-575.4931649626667,18027.348557455294,-32437.274779610136,868029.3909262617,-2840576.038128537,1986739.7215132709
2020-06-12,-1.5864611173778547,-1.2602740534123011,-0.9661015363751214,280.23518879502217,412.38452878018353,87.85378702717928,16083.174010821778,108400.1623289084,573229.7580354189,-32587.245467196808,-665866.2695758475
2020-06-15,-0.42845934417217635,-1.9374707968441482,1.4719853964477037,1117.770465671705,-549.860757222085,279.83880910800127,-867.1973048982182,1330422.2276629864,-650729.2951619367,63358.53204549915,-742994.0518144637
2020-06-16,0.5088863675482529,-1.0021040221475148,1.993542408827324,662.9855869940493,-56.647138473414905,-583.4537555432037,83587.53809517945,326516.31541096856,323059.68732344895,-5988952.770490517,5255803.104643188
2020-06-17,-0.5212791081640307,4.879160981955589,-2.9336195392646838,2.980689734839157,542.1385605058687,-2750.561379244578,240888.50983179343,-158821.6252325243,426990.49863843864,-2969417.855070852,2462602.3996998137
2020-06-18,-0.3836719905526549,6.101804145611523,-3.2593379894638135,-0.9218950488262002,367.7322316510706,10590.179818496625,8037.64530941292,388167.55042282405,-172156.2216385826,247339.05614322622,-482308.6891861451
2020-06-19,0.036755175787719044,3.790828274936017,-0.20974866529951292,562.3011962908591,-281.4979746763791,12253.561231422887,-11839.008154559644,234745.71538369264,75849.13019267117,-1921487.975693825,1610233.875984198
2020-06-22,1.2660816278881937,1.2626284765076043,2.0815992000466896,546.9781786991261,-248.44768526675145,-16.399734654550695,55759.558622095,-27471.144543684644,486547.421226753,-1844999.9565104002,1329917.9801371545
2020-06-23,1.2163657649418214,0.17548441836577344,2.663045454483174,0.8250535624632928,283.5735906054413,14084.995184688763,35468.59175554982,17181.750868289386,166664.21985747994,-60570.59239875276,-173077.01880706084
2020-06-24,-1.1963283005433694,-0.2876057293923296,2.1214091659305896,-0.9667910109208446,208.68395958938171,33758.45775830208,-17354.09698981336,96701.31657791899,-47588.54140236522,325142.7550343905,-390830.3356221474
2020-06-25,0.20132788797724951,-1.0529414041012255,1.089027335211165,154.29656660983193,-7.413941364721283,-1268.2458917937463,119869.11748686782,-80449.54830685274,660437.5720256416,-496963.63702450943,-201733.7183284177
2020-06-26,-0.5132911279391235,-0.289523378682134,0.05013762790131213,292.53343618142213,-146.27865128518755,6502.120581046675,4429.925394537622,46157.52046424957,362505.91634915734,6494.030345733087,-426196.4852427418
2020-06-29,0.42917360350480155,0.07823836061609282,-0.3960943116249786,16.441010857398094,130.7029631272351,19272.33598492692,-177412.6364860753,605280.5684473774,-299507.32039420976,479673.55828639894,-627414.0911300554
2020-06-30,-0.32320390583238684,0.3148141988327398,-0.2698600530719908,-0.12645217038033124,86.76183494834692,-750.7049454619728,617082.6794477628,120087.67613469678,511783.672838827,-528624.046755178,-719626.3638536645
2020-07-01,0.11717809158845224,-0.11030326979294346,0.24478198380137875,1.45322615242526,1.7293334661523574,800761.8928604912,877133.6810610293,-902211.5577675075,152661.3108297147,-81648.9548092246,-846659.9263909274
2020-07-02,0.5026788719598675,-0.48568239636861615,0.4613317545772377,5.9155324236653,-21.58656385489496,3529293.3835220165,-1765433.700950858,-885492.711373615,-430651.27853861207,576791.736285092,-1024451.6662408222
2020-07-06,-0.1014994326411958,0.2718898506567086,-0.09659378512320736,1.5294086896137504,-5.611075658791779,-1767.2668929350755,1460767.7147691315,-268731.14233569347,279806.3047632374,-469251.8419694623,-1000779.2504639418
2020-07-07,0.14757986668132625,-0.060223036901990046,0.15680727407342174,0.022345544235187774,7.187874501597776,-8.540716272001287,614490.9969414552,787828.3455590685,-753158.2225880442,955356.8201430992,-1604476.2637234563
2020-07-08,0.742008485730428,-0.3646224342986356,0.20893102620590528,-0.03616355149101083,3.2167924840645403,879542.9163674436,-440622.87017796317,438666.2252001746,247154.30479297563,2119708.1352382693,-3244411.5683669103
2020-07-09,-0.5551900696314105,0.016400328917743297,-0.19792652159217555,0.03757714047860092,-0.9881043869938773,676114.0794209135,-61844.081361058445,-155762.31224712534,4727605.306265653,-374431.4039331235,-4811640.26090175
2020-07-10,0.37666118473030574,-0.3056844660016926,0.14038966596539393,-0.056576844078257776,-0.0002541581889147022,-98.85651336107857,329952.6705080304,152326.19749399388,7858684.560742821,-2841946.351556814,-5498877.815210052
2020-07-13,-0.3630428135243035,0.16840053229290375,-0.31763754748069717,0.09269879985946702,0.5319842276115119,-1.0258661623858965,1230.7260985628118,5844180.025475163,3145595.3471801607,-3596801.3831008514,-5394163.742190071
2020-07-14,-0.2581929378883963,0.031199885469958423,-0.49764173599688205,0.66232705787801,-0.16379924824528092,2414.4418323829495,-55140.693293311706,17149491.967451554,-8401157.078952428,-3750295.4973341986,-4945272.613597019
2020-07-15,0.4982491898007685,-0.8540797610252533,0.3350020371254871,0.6713448957827138,0.41313447256078356,988.1531194929687,280.5583531467729,-53775.88280770844,7847050.616402587,-3356376.949220568,-4438126.359497785
2020-07-16,-0.10412751487309083,-1.412772101702125,0.9560157570157853,-0.04517780533434092,1.719255734769515,-1.5248691617999217,7389.840914711674,-29713.551994391637,3144669.2382736956,657957.8222995587,-3780262.1978184823
2020-07-17,-0.4060589633311582,-1.1093931591847237,0.6484878050913426,-0.14066788744831443,1.9889327914175976,115.5378301424491,-1530.7702048341068,4037917.5564449336,-2019027.425327118,842767.0440584518,-2860202.374102162
2020-07-20,-0.23392670236248325,-0.5150211478113601,0.05655829102504673,0.08368321840075706,1.525963054043021,-0.42424542102951396,639.0330098145259,78591.58739253305,2843538.200201485,-734296.6962899363,-2188431.7873251885
2020-07-21,0.5593104559754494,-0.02203411410341856,-0.3395289225739561,1.0845417340592332,0.12442094525054898,608.7937587188663,-458.036927473529,-2740.8798234077526,1632213.6777820513,353969.6541376013,-1983552.8556375888
2020-07-22,0.5419997664142253,0.2580306201929157,-0.46826876754748814,1.7464917180047226,-0.7995452426062128,-624.8827440360519,702.5841444555683,1756674.0293356273,-879584.5646861604,592565.659896377,-1469692.2246543579
2020-07-23,-0.3455524972347838,0.2704853118479557,-0.4460313590327329,1.1998142890160193,-0.31715645761248307,517.7769479055042,-490.0549945830541,923310.7182415018,96778.16761565564,-199310.89997550097,-820765.079394266
2020-07-24,0.03316731506614843,0.08546473765870033,-0.36375168732272967,0.3690130202626396,0.6401372195402649,215.79398898414124,-11.973332905087132,-197.23909320494147,377356.50908240094,606513.6078016693,-983836.2324775495
2020-07-27,0.35912950175402875,-0.08715717039790381,-0.262926789234344,0.017382315876487343,1.2803603591869586,-3.5481753824560918,109.27473253584711,32828.88807875382,-140778.8931080298,910721.7721698815,-802837.3404859761
2020-07-28,-0.20976770383016327,-0.19162906247412217,-0.1455252160346537,-0.06808215093767193,1.5743204024195054,-1.4306658480463943,-20.35313866648328,18493.787799268375,-70403.76381944172,171267.35929109194,-119295.66878267321
2020-07-29,0.39912825026230647,-0.6790410476258112,-0.016463317607157368,-0.005627422878897039,1.4316953090825735,-10.477388977347196,38.58919128276633,113.91453202246142,57553.79415804177,-56963.40313621635,-692.4170479245295
2020-07-30,-0.7776870764821123,-0.8911813860515367,0.09522464542573393,0.25761163867182163,0.8816964939552667,-0.3757090162055824,45.77243204819132,-29.49567496834591,25168.626763892535,53446.558850141635,-78590.80232641334
2020-07-31,-0.7702710414228497,-0.7056095892643915,0.1347606781440643,0.5836824282826806,0.16574548930993,106.67012334079284,-66.98064425341614,8.174056526612858,-8544.066225298213,107020.53526887442,-98483.64088715524
2020-08-03,-0.26111529147488466,-0.441483696828814,0.03879907762437152,0.7263002033415397,-0.46747978284395403,-4.706814346625213,46.03777853753498,-49.56758293399278,8.089449963132854,10062.143343948792,-10020.76119567866
2020-08-04,0.31544229226587145,-0.050141330365658675,-0.18685108725905858,0.6427965626768415,-0.5791217820323147,-35.452605235711935,47.75570412680417,-62.4983436271687,2021.3907888310544,-3327.9631300464107,1398.295461296147
2020-08-05,0.6489931098580034,0.21152955172883367,-0.3189956867934439,0.4081861886936924,0.3143549381852765,9.675626623583018,-15.151543906608042,46.24817310151282,-716.7164959227082,6781.017528685174,-6064.087356682626
2020-08-06,0.22416698903504445,0.13461256174507574,-0.2234866604293597,0.10487631778078663,2.2890201545032554,-8.715237308392505,20.672190022383084,-0.5096106677233292,-3.838521264165375,517.5256366986202,-485.73364684335695
2020-08-07,-0.4841539559405186,-0.12519679965491906,-0.053939660190340646,-0.16684538103871835,3.7344331727204785,40.28468304590459,-24.634032036163045,-44.69212051577054,601.9009284847551,-524.1470119193627,-10.456744435259338
2020-08-10,0.2938985144343098,-0.35091038334100694,0.16899118106783753,-0.27716275482997776,2.358148608296595,-1.696154307681029,26.16371690317941,-51.58703657051921,-148.2922844447985,724.8712592429101,-509.7124659887186
2020-08-11,-0.38236401984758694,-0.1395630784326194,0.15678405005127646,-0.16039689852764472,0.3605309663825138,66.3443640684969,-34.64517753363596,-45.55443399813923,427.84222608350257,-283.7560283160484,-88.53594132380181
2020-08-12,0.5427949904020761,0.21292638515502255,-0.21044078963119583,0.0820810290406889,-0.13009476722114027,23.429348063409275,7.0177666455326335,-30.459650630844163,-44.8092030504788,394.80832526574204,-307.88385314110644
2020-08-13,0.057935487100730106,0.3139830512928598,-0.3410217013489141,0.24685396635158685,0.018951544735090836,0.904815623809032,26.64084406965631,-12.85179442056957,46.39659643392883,-55.539701265330166,36.41253721037422
2020-08-14,-0.3049335434906577,0.009102747433692304,0.37767417362555505,-0.1275425086903441,0.718266787970809,-1.1077822824500778,11.601029655174381,15.225217433613611,-41.03584868775265,136.37893203590357,-79.6841158113379
2020-08-17,0.47299738807266833,-0.3124131953657265,0.8078494894143841,-0.31605363508235657,-1.516971729401346,2.4950305127241927,-1.8258827741094819,22.937293000972023,-48.26667008784119,316.80189963304184,-248.387078602425
2020-08-18,-0.07062990903945951,0.3169257399372929,0.11122605698301044,0.3075956175647598,0.7767311240150104,-1.7179346190900058,-0.6735427642546978,9.088785093090788,35.780294105799484,22.563840884124495,-23.593291329130658
2020-08-19,0.21910398338264878,0.051605644603632775,-0.08156296069486531,0.7125273167976574,-3.839787958156632,2.511031070483493,2.483605944914063,-1.6857875342928779,85.665555721046,-291.10348877753614,247.97719754945302
2020-08-20,0.0024688846725426216,-0.12444803343530228,0.3336894571478193,0.6051258412925814,0.10624783352020038,-2.209632340643936,1.4766986967915718,0.7663618204778951,38.02036212090164,31.35368540923667,-27.710559689961695
2020-08-21,-0.3581469687103804,-0.15865439633245815,1.337933137873375,-0.2273394152772986,-3.8152743999460577,2.3227815922223214,-1.344678161609551,7.794916402866376,-4.422913808424248,4570.3548068509,-4529.1634308335615
2020-08-24,-0.24882886295090828,-0.08756240208469904,1.7200953012873381,-0.6570563138697947,1.0740136227963755,-4.728340470456286,0.6001967781927346,10.829766708417049,-4.059188351118209,6991.946029027366,-6953.94912503758
2020-08-25,0.3644828544093591,0.47592512558542577,0.7490053830146027,-0.006444862987679302,-14.360637311638271,6.612776815926163,9.412827089721246,4.8482818636862195,2.0215010472063293,-77.23931877687944,110.29160077195604
2020-08-26,0.1897502536646176,1.1911548980218545,-0.5437395580497304,1.1572641074775731,-18.442041676687875,11.596708197317867,15.885250282762412,-4.489362831187332,9.30869295641794,-28.770579428237593,56.12690279850027
2020-08-27,-0.14185029178891853,0.777222470179593,1.1783454358313523,0.21172207353530678,-0.17532042708983317,-4.240111227394442,15.907390876705483,-6.741835431190078,5.7009180021315995,666.0812836805814,-635.6777651615014
2020-08-28,0.05026575493929511,-0.10855772342683406,3.425094392367998,-0.9060216975195843,9.305437492779335,-10.578280242584524,1.3233171739673477,5.429997510212592,-0.4105465328902481,73364.10536536897,-73328.67607149683
2020-08-31,-0.48430531837187213,4.4658590597440035,-2.106707727793213,0.7493159266456857,5.091323376229757,-2.361828067528771,-4.673874230666383,7.2073437146183865,-0.8944375260918616,100428.45560737386,-100392.83829658065
2020-09-01,0.19927187553225703,-0.21685153204128493,3.4293018679435003,-0.21000491587973635,-0.34014007572454674,3.2649298578319677,-3.360793910565283,4.972139759760622,0.9628989414789866,20967.3985110007,-20933.339262869038
2020-09-02,0.6270152463633035,2.841220298745219,1.59058190753137,-1.4934057438626505,2.840912382715438,-1.8280096628164677,2.5235803633628593,0.15839573066603513,8.489696196817684,720.0182369350568,-693.0082236545796
2020-09-03,-0.31737216973358906,9.608431762212263,-4.978729907254059,-1.8076984262300144,3.8382766366051033,-3.2601079840843004,7.692044100698926,-4.7574560536052495,12.510422707458865,-11.87128266293936,34.73347199687141
2020-09-04,0.9219386189598318,-0.6202244768108763,2.3863105407807734,-1.501397435004319,1.623275131878172,-0.6215244545518718,4.841844195232645,-1.2188178377602146,4.875484067998272,14630.512628542458,-14601.50951689318
2020-09-08,-0.8235075813219269,-3.720651984268859,3.411014382071682,-0.1693843799358777,-0.36300386759630265,1.4128736006219846,-0.6547024575931997,6.646472118120433,-2.8772343940318006,105645.77098402617,-105611.76285946224
2020-09-09,0.4363633357375002,-0.5790946829240466,-0.915343387494352,0.8490934514889137,-0.5729162928579111,1.2417117635735966,5.507669062200085,1.2801341648199964,-0.019354109088092517,1079.1785316885962,-1048.3567949940518
2020-09-10,-0.3586053990559114,0.25401858906249564,-1.650147411978851,0.36968247443279656,1.4530714973023735,-1.2328741687259588,12.23327079393839,-7.876566923063964,47.5653353519646,-117.689354825434,104.18217002155802
2020-09-11,0.08450481561727619,-2.014196735265032,0.8186772766938093,-0.3489946956014588,-1.3533888768120756,2.4235038736498002,-6.643527952893194,20.356751673963334,79.90257808547352,392.3481816643056,-448.2440891291316
2020-09-14,-0.5827048634698941,-1.9662366175255397,1.2473985064699238,-0.07321301407883524,2.9191592641743993,-1.816441215252163,19.16932838913928,10.503645474737676,-8.508878207105294,4021.5888846442144,-4005.250942361304
2020-09-15,-0.6849664114738394,1.0066652961603748,-0.9288091922599209,0.6948052015809213,-0.28621240486220606,4.8492852678387175,30.001380122960697,-14.628771818403129,225.79139071932784,413.62089993211964,-621.1456667129892
2020-09-16,0.7989568958130342,0.6374287062034544,0.061645020949250694,0.46867343043782,5.577521022277158,9.660602039884258,-4.929158514157771,60.60672561608369,401.65218505271133,-372.22993067500107,-62.134648595201156
2020-09-17,1.541224555206247,-0.12463395052264477,1.4103457134186055,-0.7828165351240617,24.69033349286672,-5.726971477676403,0.9019221252782524,108.00578154273902,-53.825548387450446,3466.674318465323,-3501.773955544058
2020-09-18,1.2383908440915812,0.6887998087016697,-0.006265699071161323,1.1398856210459078,26.399700233577114,-12.491469741343236,38.77537712052138,-23.93290037369318,2324.7540245854993,2499.706060561774,-4815.181602961104
2020-09-21,-0.8675090921549964,1.124595540478613,-1.4281620515023792,6.529808988787861,9.98204534278818,5.746031169161344,30.22437143702305,66.86293049465736,6039.111488021995,-2853.1232701730755,-3264.9023296781584
2020-09-22,-0.4662388159508266,0.24406715879499677,0.5393277082004126,6.282123071817601,-1.3556846669771951,35.1922618202764,-22.705897808934065,764.826236803018,-311.8584320680376,8249.457303400832,-8680.605066603039
2020-09-23,0.15944450687157052,-0.19345709929260155,10.445340591248886,-5.202551773864177,18.646774451545337,-16.434051055321994,209.404716800647,-96.0024824837489,19034.93847935727,-8868.104502965065,-10247.737710330292
2020-09-24,0.25217077935150756,0.1013196138436436,5.7541247127727315,1.2425711664258787,2.754740898786261,18.912443035798926,130.44350270479984,755.8962256208014,5419.105790296254,4931.615327225239,-11225.968216054072
2020-09-25,-0.13154012997164397,0.47058960383139603,-0.039753594793178346,10.089540680280807,-10.148874003104691,170.23394004970234,-215.37119405133922,6352.96103563207,-4575.107794022123,9476.512923918563,-11169.408874083116
2020-09-28,0.9771849619067989,-0.24936904980033975,4.611210320230367,-2.159586784532723,44.456894448289475,-168.53725350150845,1557.940248945229,4301.171587927425,504.92591050344816,3567.6308074125327,-9770.29763518322
2020-09-29,-0.6365700682177251,0.22703367077176873,0.6868261602408544,20.79691275747116,-65.3435324386891,1247.5881195135278,1411.9207150487641,-891.347352122282,9236.8211940166,-1650.7398533999158,-9270.943493138271
2020-09-30,0.919508158773648,-0.18641553800451482,1.0353971958446584,-1.254042516800928,683.9064406639434,1761.1149057437688,-1368.599408641255,12482.293667916012,-3674.377748884188,3275.5744231871695,-13120.376727285264
2020-10-01,-0.0942559193108348,-0.808064058029301,-0.6510139459723007,1299.7289786847257,1514.244675284184,-2348.475615147421,9994.373432191607,1208.8214496809178,4054.3609301993547,-118.97724635799926,-15564.013270612057
2020-10-02,-1.8218818054953376,-0.8004209836817939,1.7337269434327134,1905.6073820919073,-952.0703815853054,12502.912488004455,5094.621055749753,-6180.928973912212,8344.173630609377,-2682.1841366270683,-17994.342488485163
2020-10-05,0.2910456165382884,-0.7174390058997797,12.743093875700753,-7.065291234220705,14829.85737684928,13443.262260191297,-6797.559722510486,10584.112406876617,-12504.555621674299,1956.49715797037,-21477.745266954895
2020-10-06,1.0525377582105773,0.07458801939946572,8.158263761205147,1917.148780152943,39002.117151048355,-18571.73511464768,8813.437780414206,291.54978671167737,-7971.255644356614,-720.1933007638643,-22729.83482809784
2020-10-07,-0.47726022741286084,1.1261878116949224,-0.1933317051937452,10510.864907900084,-5255.334642693454,44761.77491427072,-11159.183882735768,-13083.838717221746,3524.7980970211884,-6342.817220126931,-22916.89905229318
2020-10-08,1.8009332761276953,0.19367663491774603,1.199974785665954,3576.908454106478,37349.39109609118,40819.245296504225,-67980.54558390244,16461.17937262475,-2826.1212967206056,-2542.773895645669,-24819.43802775463
2020-10-09,2.520617214936953,-1.123000597027343,7.872071788372037,-15.373701788095866,165684.76471421085,-82038.64440153974,-71901.82700018134,27736.7059659347,-17130.83352907407,7682.005038113054,-29985.626774081633
2020-10-12,-0.8444364193914414,1.2605270922343894,21.89908529434785,-20.845559738747376,5254.015602418359,74133.10284886957,-12409.831285204697,-23229.31043069428,-11290.389119951898,-2123.7818007071855,-30296.055430958317
2020-10-13,-0.005640462973099687,1.546297716576058,-0.34279299165135024,490.4884809862479,-1194.2635396931278,76971.20511653901,2594.136330410889,-34380.81841895801,4811.071287148526,-38257.31545798869,-10995.671662706794
2020-10-14,4.2470325178519195,-1.9114679149450042,17.401419957874648,-12.716010647023413,161558.94740527487,-80934.627445684,-39069.979694092915,8503.784353615756,-3044.972216366951,-69606.05104182268,22626.73766516216
2020-10-15,2.241130322004032,-0.21843542301705576,-3.320692582821728,108.51765296170653,-126.06320562444044,62987.58249567366,-21956.696591308977,11054.524850968724,-30566.173230584784,-55746.353454554715,34286.799480152666
2020-10-16,-0.12583026846664297,1.4950365872505724,4.220789023851184,18.80906720557581,26787.780856538953,-3158.1386943953157,32940.847560656315,-22506.70632089949,-35892.114023330614,-1766.60209204473,3611.233650926679
2020-10-19,0.5346296241597924,0.33343183204537524,34.04786561122627,-31.53917761200557,45591.14587628583,-22944.328024565806,-13790.120701061096,12699.294678019938,-24713.76552876757,16247.440153423782,-13052.353202790504
2020-10-20,2.352727382729294,-0.8011577559192482,-43.62313188979651,59.27144963385242,-7.4505145128939985,14605.726685108883,-32093.531293688477,38565.94176866309,-7350.64479729374,-32780.1002402571,19084.228504609375
2020-10-21,-0.5209442662493933,0.81308973373311,27.876589887438428,-29.507475343204913,1812.7063873597085,-4641.865644604324,55085.8670835177,-34631.6552084406,6542.030705588036,-211765.65938550507,187639.79480207284
2020-10-22,0.7813757472837307,0.26803319092035877,31.12877193489361,-25.384519342184433,27.950083097522977,1014.4304918968293,19133.104621737108,2612.586003638887,-8228.531196005892,-315239.45403714577,300713.5803712504
2020-10-23,0.3077238883914077,0.07610946573655668,-0.066355379372294,17.856407718214204,-15.188278669381102,3292.345540268043,-2160.164540587035,22690.392186398254,-45169.73671278564,20404.571636390843,979.3362832919483
2020-10-26,-0.7506351370132328,-0.25069159390962087,34.58430885851453,-30.50441949704983,114.14577070172915,183.31784279887063,11815.380063125016,-10226.956830465499,-45795.30800776416,-183573.8077866377,227518.5403856112
2020-10-27,0.7552978095515159,-0.7724245443302175,-45.098751350202576,49.4865891987537,345.53866939610236,-671.0117055365359,11841.064881934723,-22782.13983249037,-3653.973535500985,-121401.9999749193,136357.4907860026
2020-10-28,-0.7896847725912232,-0.9313895004128597,39.96726643871501,-31.00015004140084,287.7639619843029,-484.4612652953603,3346.487022537663,-31683.423808261563,23402.68755891011,-1668136.5229484187,1673297.4934364192
2020-10-29,-1.9621573378330996,-0.3988319643119264,-1.3254879997426896,61.77023616510298,40.889565515149265,3.976668240795262,-371.78974755973945,14545.158072264861,-141858.1364582631,-1884804.4223872265,2012422.1805281653
2020-10-30,-2.2269021343683115,0.07624391700170112,181.8516014880554,-96.21814501694631,-47.30268581166276,356.61649900624315,-1157.7116505295596,8562.969780201232,-671645.8927041071,-371126.1252715416,1035009.6032345288
2020-11-02,-1.2196572329342132,0.026434270417297928,44.49261876508286,42.95393584005536,-31.963528722373454,314.83200669905347,-750.3873410351285,2031.8339796969992,-1288659.786886763,638148.8826203563,648896.9358181255
2020-11-03,-0.3341960235351678,-0.5245357671702552,-4.670194966447315,85.64257533676944,31.123555348087134,-149.0166678803786,129.29664671744047,-2917.584664342119,-1029929.4621531039,44510.85094028863,988282.1186943926
2020-11-04,1.1089577025457737,-2.47024723704455,38.16537887605643,-20.463412389357444,186.48576366295785,-886.4670364492629,1667.2492415812924,-80872.51373770295,-215342.04581389134,-2124489.8722272664,2419759.7931331135
2020-11-05,0.35688351903555493,-4.150879281079095,35.56073876610044,-17.317281162157293,173.90477114904596,-927.0845308292784,1193.277139960117,-173831.0417463014,99015.0043213092,-4000002.3918864015,4074402.442469272
2020-11-06,-1.992432699232871,-2.687848406446889,3.8702345145627186,98.5058801083115,-60.972692903841946,-234.3876947576008,-755.3798401078517,-90308.61718503793,-1090028.7570093079,-2235711.025955161,3417038.414543759
2020-11-09,0.1945345443335484,0.48905337868685866,-1.2113040060271478,81.7563443766107,39.33434976659938,350.91080605403107,-7020.312160103804,1725.8142757943224,-2710698.66975592,1412896.0914894042,1302665.652366711
2020-11-10,1.2702756025769972,0.047514641705775525,1.7252914865222855,-6.604542513158722,738.8173397429917,-11428.38674133222,6589.45348901664,-220391.45334283687,-441569.35103284696,-2807338.4574929504,3473444.119241989
2020-11-11,1.2441794617103679,-0.7458383794603906,1.338499538253649,4.707817377725484,773.5808737856614,-10127.918701878485,4140.734356901902,-346727.53201707854,489694.3050404787,-12893829.14895473,12756110.664744522
2020-11-12,0.08391723147662176,0.16771904586346814,-0.17754073421619154,861.753787884605,-898.2826547060027,2082.4484617724033,-21760.72536034434,9909.536487827176,-650459.5126038064,-11124846.273060406,11785151.880846236
2020-11-13,-1.3739544637460384,0.5282995777021651,1.3418103456873254,766.952631816967,-125.12004320216815,-2385.5177018453783,-24845.688183636896,18116.334694424546,-8804455.059508484,7403713.089569989,1409254.4423854789
2020-11-16,0.45486639072314744,-0.7715086123234309,3.261938190393442,-2.519402925246158,3113.006058368551,-42918.26065979064,29136.717554533727,-1396581.1140664634,-7183418.363862819,-2506930.857578874,11097639.586662002
2020-11-17,-0.8741147583840337,1.65609326241387,-0.8008956317053165,6842.443250339563,-10371.379832571312,84.67393002181886,-17451.495268489405,-4739913.818062729,3270006.774896354,-48483693.3381241,49974537.3981283
2020-11-18,0.4888432918824496,0.35849600151631433,2.0842918126114514,36.114804989192,-7139.54145381507,35699.3011804835,-116059.1513130978,34095.26886141986,-19244466.836453423,36771858.97296373,-17473985.420221392
2020-11-19,0.8421992369963447,-2.386387640208086,26.288455921598327,-5377.35708117131,9790.191853690743,-139037.30386911586,21948.702650062045,-4509912.227073042,23240990.147176407,-318117914.62522453,299499529.29730016
2020-11-20,-1.7567688346928443,15.73792483865426,3.8973320524072164,-3497.7904814121507,-2814.3000546546796,-174282.59745629612,114148.44344551858,-675954.6068700192,-10463757.95976582,-343217783.6026786,354423966.5253732
2020-11-23,7.455212659272828,27.958586177358203,-27.328278312890056,66.10936952758088,-245424.8071261693,307157.83212582325,-307039.7298785367,58539161.69862902,-514820263.10489845,857623719.6762824,-401097342.85002416
2020-11-24,52.83264867411457,-17.236709324807855,-2.3736120266585656,-69706.675052061,34989.52473783445,-1345945.7030613194,580557.0182831358,-8534864.006609559,-138479047.62275887,-171373659.92497677,319187688.87711024
2020-11-25,71.64333626416396,-35.7902934395903,-2.8012363187732263,3.9232355848409455,-3088840.6983288447,6089.764861272573,1471956.3411499131,-176169459.41200557,399106490.5365077,-10761342891.082743,10540016663.155516
2020-11-30,17.92841152668113,19.77352878677578,4.056412576149335,-48284.24366452418,-6140291.372867491,2902769.851220635,647691.4673834188,8451309.889451213,-3543871421.3004537,-14127226129.554356,17665284358.704933
2020-12-01,-0.5889729057083356,40.97616134738996,-15.710621889734437,-1126408.339654974,563972.2544331921,-2789800.8414306636,-546046.851851721,-2030611147.1909018,-9527659611.120674,5106253789.924426,6455915272.029088
2020-12-02,1.0934053115640052,44.06648967389304,-47.052580730542374,-95729.3471402333,-3151407.8246462815,-369345.2629787563,-1656782.0646640784,-7994249152.815443,6022797543.383868,-38480966180.16252,40457691101.21621
2020-12-03,100.7245513801231,-50.566167729461775,-70.31581751619254,-18.232991756363454,-7168173.395253424,3402612.4693378285,-2378967.327742131,11678580.716118785,-50734686919.210434,24656932744.33087,26072220206.457527
2020-12-04,105.43969815344335,-51.12261281123419,-73.42373648119974,54.99253849159077,-3826317.5138818305,39346.68242530294,-1478867.7100424445,-22601199.872822393,-18853439474.48107,-18523753461.761353,37405059985.000854
2020-12-07,8.311585371398378,43.59150023127206,-54.31920574526951,-1139.3576643523802,-161851.6119663589,-3457483.7861966537,1765030.4990229984,-1345918872.2233503,680625709.8452865,-25592566986.929832,26259715641.70082
2020-12-08,-3.604562896232282,37.87372305023062,-17.046111367495275,-33232.81570552982,17108.40601921318,-2796409.243981592,3304689.462937747,-984415353.561977,-10744613382.174227,-182925322.5111115,11911461930.854998
2020-12-09,17.960005227821508,-5.935986401999836,11.694043192283614,-30205.003090304326,37958.4819913434,-1372082.9660032697,-117077.19609955998,-7458449.813403908,-17946817260.548073,8713401328.583456,9242355810.223162
2020-12-10,21.704868809634352,-11.46347695419175,10.003108287725661,-3390.6782499824862,-79360.03304732924,3901.0566575307535,-6051272.550899678,36267565.8191415,-4658532481.347035,-6463270481.120122,11091665545.369055
2020-12-11,-0.17841140588512283,17.649945312693266,-2.6266111457719266,-84.5630426673321,-111009.03805561416,165195.97439398276,-3103963.384349403,-5811206.968365421,-221358219.54573897,-10448497032.362648,10678716351.632883
2020-12-14,29.657490667334972,-8.745141938601659,-8.030783423901266,40.746972440911556,-12480.384694252665,-65250.8794211108,58143.52124054953,-157489401.10625198,83051262.59946924,-3413477687.511673,3487935407.152793
2020-12-15,43.3774439414198,-24.43343440599632,-6.08272442292499,-107.75069897142751,1133.3707236372857,-43253.33639844816,-544307.1551394829,291235.27319445927,-362793060.00515485,656653835.4677131,-293565441.14552456
2020-12-16,-0.05349012729185017,16.47943925905939,-3.951140212583718,-13.910237665982647,-457.0933670588556,7763.311122478576,-258066.44459311385,-30581215.221891314,-281391966.5163274,-10602213.324014585,322826204.5844997
2020-12-17,-11.420675490900594,19.41174325433319,1.5478912974461314,-16.783885769885927,91.45494035959445,-4462.480275370009,8248.893349982684,-414776668.34344155,209287543.37849793,-692578076.1327325,898063378.8145878
2020-12-18,10.219464235049026,-8.904248592197975,4.3759469735212395,87.69462648808305,-202.61041351637775,66.03224956707355,-13946.083819357222,-5942978.874745776,-306471510.643918,76616820.93078993,235811706.904068
2020-12-21,1.1578385350717568,3.5912656616247522,-2.2524078726230403,22.677642163630118,-175.2400631205934,1429.720252140301,-38903.29532369821,58232.53882011843,-235550698.39068022,-364303083.2281949,599833220.5108511
2020-12-22,-1.1600955599609806,4.663055944145239,-1.3623594451385235,-0.9956489406367051,6.67636673808894,-83.13965118243115,-5976.5130427340555,-5459219.808929824,-16272919.379428353,-614434633.7786154,636172871.8183488
2020-12-23,1.2124062939357663,-0.9238029395502102,2.4152591075261984,-2.101303542253758,14.586365282645968,-269.9624671513389,521.0206589470471,-18896805.64610913,16876215.009719756,-168178511.71359113,170198884.0428645
2020-12-24,0.9018870097264898,0.7652923094257634,-0.002218248251605422,11.855575901522638,-28.053684780183765,108.83339957808215,-2848.7825029939777,-302988.1355531526,-21434134.335130095,13261660.037886966,8478265.095047507
2020-12-28,-0.41347952688048834,1.6964038717181784,-0.8817579188559925,10.122302236881396,-20.637983421613754,65.25332431919232,-1535.1950330493596,2816.050917183465,-8865671.514773885,-23551018.36808581,32415401.388166
2020-12-29,-0.05363033232784215,0.1947222325183216,1.05933894258468,2.453700562876689,-0.17587812030384248,-58.29047877243699,29.493597128498116,-186013.56938900356,2622244.6573806074,-31187418.31049288,28751260.391129635
2020-12-30,0.4209726587032424,-0.4110680179377136,2.692721741338798,-1.3746268820392809,5.861262738840759,-84.31260375771936,112.74085124896362,-91506.41886536933,1272537.3345092053,-1705249.8010893483,524231.5079357822
2020-12-31,0.42799537501448,0.4173470849191376,2.752351480741389,-3.2394285693059954,4.1381983933959,-30.230193590687996,-258.4564939816067,-1425.4640654935067,-971905.356089124,3021678.970290689,-2048015.6099122637
2021-01-04,-0.7462963733911433,2.5321813090913627,0.6395221936065918,-1.686876892665954,-0.9145085603618899,8.10892653672571,-219.416897551238,302.29565240536044,-477630.4389084781,8944.952258139385,468642.1449472716
2021-01-05,1.1292562736856242,6.282712525778569,-3.5935115740396792,0.5753301582567437,-3.6295728962317386,4.371081299550303,-19.270963498213817,-1931.3356959479502,194390.50555961137,-1929500.7350985024,1737105.4809025503
2021-01-06,0.1356852307418091,7.7035476010607224,-3.2399658803684805,-1.3522189896941843,-1.0115609696909589,-3.753146516173422,14.306775830874548,-1210.7749757273293,115350.55397294449,-179890.90961833837,65788.79150481446
2021-01-07,-0.733714506972211,2.560755084120122,4.036530195187037,-6.819039970374056,2.2227339203037277,-0.7920747792745019,-0.8896375675708599,-3.977293629883696,-65434.0401063865,752998.3007992043,-687509.2389515633
2021-01-08,0.5136286739403852,-0.24433961272760954,3.092465131737761,-0.25867869399600457,-1.2947163052858788,0.7718306646667322,-4.7665756733317055,61.80176421543152,-63768.87509477676,614353.0274191254,-550591.6277027491
2021-01-11,-0.46031123006406227,0.7092257498270957,-0.39054285499259445,2.3193014229319653,-0.0985674066883637,-0.507620664422343,5.598806662424906,-5.862540785970808,10.031330712230565,391229.7903200589,-391188.97940166417
2021-01-12,0.37981233100305667,-0.21291042506344915,2.324210416997184,-0.8652039201116162,1.0413016705674512,0.5026524744717101,12.924356762004088,-48.036373093988466,7356.202111788386,-81505.14406907914,74233.96411107486
2021-01-13,-0.23275258695979653,1.4090671155574175,-0.03132303253897539,0.6272196838311414,-0.29373292874091006,2.7676021232655685,-5.479016210689957,159.16163622622938,-3223.6955716803573,201855.59734738214,-198737.02047609174
2021-01-14,0.5639233108751185,1.4231676493463485,-0.6621405148497103,0.7635873143872496,0.2812973352919861,-0.07448748253519437,47.75895532033669,61.013450830317495,-281.7764693583316,108549.09903096867,-108324.92031537351
2021-01-15,-0.5363713900289148,0.0724067285948633,1.017525681940415,-0.30289510270336634,0.9479811349332705,-4.570347561129242,188.3522265578458,-561.705053395945,3668.543862542799,-8311.954217207724,5072.384882011416
2021-01-19,0.16471523650554112,-0.08299255073271541,0.7488827656303636,-0.11516579687409659,0.6689040982273611,0.08329466553775772,123.04546146512666,-16.97560800065095,1427.7035509462737,159934.12331488615,-161416.4943577152
2021-01-20,0.43082671279082463,0.04327339013798126,0.0466676442018204,1.1954684529163266,-0.46871719886990265,18.448552911302436,-59.412759334458,3216.052468013938,-8858.173735546628,1408346.059429086,-1402611.0614741314
2021-01-21,0.26867744360636353,0.13152798799557605,-0.18741942308639473,0.8438050324864746,0.04176106377345474,0.4052223392931459,392.3516768482998,1098.1820323674872,-902.8825773498623,1235933.8644048206,-1236470.0191111306
2021-01-22,-0.332260930374328,-0.08698750457540216,-0.03811719352468893,-0.07467873426661785,1.7145508606749527,-59.2162540477105,2250.2550487061017,-6170.343288032661,70691.8364400324,365485.10525163147,-432146.53970478754
2021-01-25,0.18760764321863108,-0.39498226922439517,0.23245886936815127,0.7957292601840636,0.08497963356918269,-0.4392169139743131,1472.164836594616,-75.24596061881834,180243.78482303437,-13909.090622398877,-167679.29965283442
2021-01-26,-0.1150297066087842,0.0620522496023491,-0.4033353717584379,1.4870526630334373,-2.044688865104392,227.2267107353221,-671.48984495106,67681.66110744876,126498.06534922413,-44427.04131039197,-149254.79806303434
2021-01-27,0.17243644843892858,-0.23473073875478373,-0.3898133232008602,0.9602202543244234,0.31861436426722517,4.571994954025612,4766.09136932883,158311.77456154107,-56777.09499370784,425747.5968096385,-532000.9564687597
2021-01-28,-0.3608207324563369,-1.2835434197855233,0.9125270549684471,-0.23182648536348904,11.850816258044803,-805.7211777431695,56998.21793360018,54646.75621823507,104793.77255235259,632888.6867343464,-848480.3394134665
2021-01-29,-0.8243676941073245,0.7246001905836524,-1.224709528694027,1.3171168516430345,1.7559008945979837,-7.265090478398599,98738.02536378351,-48717.85968899627,515316.5082451326,3987.9686462134287,-569266.9660163688
2021-02-01,0.30563690542268035,-0.799386314436871,0.11652959706782676,5.425470821703119,-26.172504772389214,3554.1849862119398,-4167.436978007051,394294.11673519056,182652.41930895756,-116138.55856195856,-460120.0512366319
2021-02-02,0.987342705970193,-2.2438874389614316,3.6390088785081733,1.316739065549912,0.3746260659044241,3705.211146594597,38268.97364754263,628299.4396613818,-194506.7789509545,858779.8491004298,-1334495.9984342712
2021-02-03,0.06312780153233762,2.104114510427674,2.4366254872457795,-2.867163955652274,166.89793584898348,-6467.49786431521,267952.7397761874,235515.45935558152,131800.00741176028,1729211.7231629149,-2358125.3964818213
2021-02-04,-1.7065922247647263,10.88627780513914,-4.984421691809501,0.8965376146449553,185.81609094371436,-16507.519254843806,755021.1505657982,-342335.62993836735,1179210.266176668,638294.8212056308,-2213817.806647333
2021-02-05,-1.8505027886742607,10.587386299422464,-4.827172183018499,32.482993949063115,-199.63699405353012,39.268310308065686,513831.6418516905,102505.99574855357,2365076.6540398975,-766678.6797926874,-2214554.8358689854
2021-02-08,0.003987793201346784,2.8190229467736985,4.94907410240257,35.97882089787171,-513.3862859019962,53878.296790024106,-45484.544767244435,1400926.6296848482,1470751.276587291,-213533.5284256238,-2666010.544489133
2021-02-09,0.7241402369630879,-0.8810202767731743,16.29418444666619,-16.114432077566786,57.74696975725068,57148.28257098055,128276.48064007681,1895050.0063922293,-366625.687755424,2400494.1403124635,-4114342.652002413
2021-02-10,0.5360689124219862,0.12517680482692772,22.264223985394636,-38.57827607822351,9358.13746055258,-83717.45128267154,836278.1364392266,1208809.4847357757,458154.24130577187,2942389.39037696,-5371197.596229239
2021-02-11,-0.796793323918943,13.78591009873569,2.0028328357426437,19.645926906921456,9925.72323086507,-139920.7733256585,2697222.7568618176,-994264.6514721367,4435401.824373905,12882.402620149753,-6021223.700165459
2021-02-12,-0.21188528484967709,17.683975956999863,-9.514970744697466,1278.5111147137861,-2985.193955081149,387243.73980546603,1067798.1249926533,764897.35677046,6207208.175143808,-1734141.4708738504,-6691247.7001180975
2021-02-16,2.2048246498774344,3.134679061918392,17.99240120170951,1563.088037603909,8027.06867103935,977082.7444233709,-625159.8767612528,4535807.491340658,2778438.2676862692,-128015.14012648581,-7547706.905176116
2021-02-17,6.235653268318472,-6.823716913922912,159.18586818233814,-199.43477764037326,359325.09364836244,-619193.4623786052,2193268.1862132,5167606.758691301,-696865.8589331148,2502600.5509657604,-8906639.341233801
2021-02-18,2.1626093777985065,3.628085472081996,186.67192609092177,1483.8794129226287,748046.4863929022,-1871144.8814677112,9120084.828999666,-1147378.9280436386,2301513.2352996506,837164.4093435548,-9989901.092558289
2021-02-19,-2.5566509517293965,39.534365417685095,-22.82440774941519,30868.05427595768,-297943.65725940984,633214.5783990372,10021674.800727466,-2518225.316112937,4889700.17008014,-1765696.4742933663,-10993547.189123604
2021-02-22,19.623539622122962,-29.94057305909608,2241.0036232681623,38881.62184932409,-491012.4891886353,9640002.857611382,-1127357.4519247564,2825006.3512695227,1019680.2074195615,1189645.790660118,-13097015.90428635
2021-02-23,-3.3077513493760486,238.27743237295755,2754.755679773991,-1657.5961061130445,13940989.377008287,868226.8644307066,-5884715.847962766,7773828.297818244,-4685330.641491669,1698707.726432194,-13712976.24548968
2021-02-24,9.098672459112965,552.2847525038798,-722.2513965325833,187455.4653141147,30551094.39784755,-15350126.132813413,-2034224.09599887,2569992.109615099,-1910380.7015475444,240430.25840808515,-14254017.222853454
2021-02-25,1154.6254482141571,-578.4859303467949,-653.2107042737877,472443.8841285158,-234847.03688966503,14708395.680744026,326707.17465237004,-5838475.265087793,9862270.306272056,-2929399.698698274,-16366954.54393483
2021-02-26,844.8489727011322,-285.11228455289546,50755.04726460717,16391.278014229356,30622670.32149857,-15318358.929222383,-1752296.1785205887,1520425.4122492655,8170191.686554475,-4938591.201140819,-18371685.623385504
2021-03-01,-1.3916382794133006,451.7367811341668,61884.30760957724,-55518.58351232815,22229567.657596588,-7364729.77546413,-4116775.1743601914,12642037.102144137,-7888279.735436068,3737281.677470119,-19245857.28119056
2021-03-02,168.5686015069997,149.14409194044157,2136.9652842063615,54345.949811948885,-442048.97875942715,11430945.046635285,-1544595.1691545409,3807866.630444094,10148353.288245887,-5338258.964721822,-18119002.78047908
2021-03-03,337.9025349754445,-89.26850059299495,-91.66770807679089,17916.312870953025,179354.34694948455,6201304.238863898,2207004.0803955332,-339734.4270587975,13304342.411385627,-5779493.500723328,-15790789.099009674
2021-03-04,501.622215496222,-255.6518439195742,813.8694291117004,-3015.305163109743,11612130.983801631,-5889041.18071036,1245660.6213383104,2306542.140885023,-1068779.0846644673,5708112.118366493,-13912606.323654208
2021-03-05,170.95809812180036,94.62241436116426,-60.16552109888046,348.686587262386,207848.21475229252,6312441.937270451,-867515.4277445172,3218284.1184249087,7048403.5794588765,-3471662.0522178505,-12448288.391522808
2021-03-08,0.3694482797780867,257.4199743154054,-1124.572572191389,3846.9076100550883,-8649.326278139317,5051185.630421802,-10239.440267131555,569987.7256334216,10821306.87067941,-5194749.017905176,-11231757.536744647
2021-03-09,-12.44039318070076,156.5256303351194,245.8560809399163,1409.2167916040003,71574.4653853403,1902459.5598667648,2544177.2728441465,-1752311.0826144465,2564906.6783502838,4105371.2228594045,-9437913.254801191
2021-03-10,-0.20965582713738937,0.1266795867856296,3296.8921507128966,-1881.5417002462514,2655496.392613042,-1335854.1459118435,1579117.4568332357,-4038.779179899585,-351937.8901797627,4184701.2184518524,-6728835.070100851
2021-03-11,3.7089161516972964,-9.535328956399885,1670.8902933097834,107.92379502828025,104072.18163304757,1873592.6407282623,-380103.32121256983,598052.4415931607,377563.7227148323,280274.68318128213,-2855159.316313549
2021-03-12,-0.583031118791641,13.339997171353431,48.63595527054196,2096.2977765662085,-716.4943033474486,1726710.9613628336,192341.70788596454,-402985.22587138193,1455435.0749042197,-933617.6538199043,-2039260.4708562735
2021-03-15,-0.6698038248828525,15.183778886900186,-6.960764566660698,1595.832123103472,54609.61988236033,405491.76587497414,1260617.1071496794,-538879.4529581694,956279.9074488548,17430.8193161173,-2157087.792047415
2021-03-16,4.146876707070929,-0.6193082499592674,108.47007887685926,279.7588494892646,381413.3964779414,-190963.60030344405,557595.0606304132,1522706.8152534205,-654003.9770832759,1077582.991154281,-2694657.6226261593
2021-03-17,3.9867117769854263,-1.1217460787651452,315.1841525845194,-164.87430388381085,30971.05086231307,431054.87535125966,-147436.27387932193,1248695.1391070439,-33413.43025224675,669591.7842955517,-2199551.770298999
2021-03-18,-1.30664380051913,1.9085974339798881,50.64904476807398,338.67960112193987,-133.62762556424474,128081.90316549179,265194.3646866311,-69490.81500714007,1599196.811230548,-313032.93300738727,-1610145.684042103
2021-03-19,1.0649122833197893,1.038735697412271,-0.9241262090975386,220.29535630578303,2256.5687290689984,-26704.38380641888,350789.1224182047,579497.3848603307,701205.3138899126,87709.8032283271,-1694913.8541975026
2021-03-22,1.7735841871042592,-0.8680534003257799,43.77638824893616,-24.035964379409545,542.0296840140676,1010.6374038060746,12503.789584070253,1450240.7552520537,-602176.237125855,1906939.4500345087,-2769019.5907872543
2021-03-23,-1.8152510075425496,-1.5267129581324865,-7.83735651493781,161.3965724980768,-69.01750481668964,7687.988941432355,-12055.493851573101,523701.34427607787,1146361.8786725928,-521329.6388181117,-1144389.528967619
2021-03-24,1.5176955473297598,-1.1465114317658736,12.693932763006465,-10.573733583874034,137.78810208556604,-1035.7973708344196,19978.021479152794,-8625.095275728378,1184063.5977770556,1812106.203622153,-3006566.0897171786
2021-03-25,-1.4140893508114178,-0.2678142578258216,-0.41623141627152954,205.9677287357357,-101.1271722616402,1049.1041473533217,-1051.947774506016,95460.53061960512,-42669.56580334967,3286919.069396475,-3339751.463007027
2021-03-26,0.9825969856067411,0.12462012886657961,0.7360163022200377,-0.7792185475959961,116.40388209608756,-69.40065072480161,2803.510558374435,-1300.146904979223,207652.9411330144,-398663.1342625404,189519.69222989038
2021-03-29,1.4125613325120872,0.2261702084468393,-0.4281770607550146,25.46262032284255,-12.557314926601876,928.5051834504825,-486.15588966557186,11790.967875596847,-6205.0564882588515,3106398.140119175,-3112379.026660174
2021-03-30,0.24839657753755126,0.2931646432749743,1.3436980841909243,-1.558223247801963,25.844517197664768,-8.903245100249935,811.4102685291871,-278.59178455149885,25957.750318141265,-10778.178131498387,-15669.108978775183
2021-03-31,-1.2522872260559645,0.20804006286444923,-0.24121736940665675,2.6068690746849015,-1.7204083165561903,148.91975906433353,-71.88229665248257,1244.1921653798659,-981.2839400473438,434255.97178716375,-434536.32847113366
2021-04-01,1.2367642778195613,-0.33400806910918024,0.552115271344003,-0.24260377314912226,3.5631209238637873,-7.140634190981236,378.81172032964156,-144.90113609483498,1609.5531149072717,-11932.7885296309,10153.100076049033
2021-04-05,-2.0651106859681305,0.4794209803985348,0.03270905697263322,0.4774851957041226,-0.14957261333320895,4.580384076884449,99.04858730443034,322.6073853055432,-222.1145522874702,12662.618398605713,-12806.785134938875
2021-04-06,-1.1975118321479996,0.3696454949542715,-0.18806469560268077,0.434004889489224,-0.28077722598030536,21.907870216547664,-10.988086582095843,218.6038531878028,233.0354260065014,1160.0685083208057,-1562.4248677802743
2021-04-07,0.3733400950468749,-1.098879648657979,0.2894246782645063,-0.0406729714138391,1.1250381215732568,-0.537359189595856,158.18587101613474,-70.11717239619414,764.1009273023876,-646.6049394812434,-145.90557752630184
2021-04-08,-0.45678259871965,-0.4050234683058532,0.27563294069487454,-0.11271974786709588,0.5838990450015056,8.211790329532528,39.54449227738207,71.52564582866502,84.98843088620009,855.3100070407886,-999.8553725333721
2021-04-09,-1.645517462644194,0.9917434651391165,-0.515909954201957,0.27514571202218885,-0.2662609761646734,26.132916799985093,-11.953961289560997,118.63815206955749,-41.31508735473949,1493.003361253159,-1524.0545822625515
2021-04-12,0.6866633345615034,-2.2064083708254274,0.9976883668278385,-0.0753272329516081,1.8807990163412167,14.840540011781608,28.346101996991923,16.553186594804597,233.78849764203107,-23.959524690188605,-211.1522166693741
2021-04-13,-4.155287695799592,3.4266913338798894,0.6749313687151618,0.6935237307452731,6.3863641426482465,-2.6520591758308316,42.67004042914787,-16.20789074610455,381.58810812900117,-2815.6815708134964,2463.4571492970936
2021-04-14,0.9375527727867591,2.5569503269329945,-0.3752043611166652,7.284782666982643,0.40480434705172996,-2.037305012126037,21.677724479138895,33.69979543266661,149.9082842821932,-4453.068226839925,4302.160841905415
2021-04-15,8.14011614471792,-4.213202751315149,0.7877691722420674,9.292103244360742,-5.741593151501363,6.324249043126614,3.0617727175418734,72.01558467680978,20.48430396464904,930.7032046274825,-977.434307688114
2021-04-16,-0.10758108044846014,4.89766315117451,0.6244416302169747,0.6714872705498466,5.100607566941824,9.913852278623063,-2.8662933971124724,35.82918693036792,-64.65087202478627,525.8367327285249,-452.08922505405184
2021-04-19,6.244243834348209,0.5799830310083571,-1.604333561248284,-2.548510831396164,21.666332226458376,-2.826343843886755,4.139519562625362,-29.94828260461208,1166.5264709047938,-14998.001266117099,13899.102187399008
2021-04-20,12.922623772906267,-6.891163458782605,-2.3699148839524815,1.7410130347053128,28.20711885868001,-7.393191060551549,3.8410791472636623,-61.406364942577355,2646.691758280595,-54349.14362536661,51796.41066661832
2021-04-21,-1.989191483413454,6.061948864431269,-2.17258287408477,29.39200721212755,2.3717093705345547,-0.20524541721638875,-5.850042079873799,0.06689934589973505,362.03892132736485,-12896.984527847088,12568.610103581317
2021-04-22,2.9444504570916283,-2.5390106885375334,1.0577906882868646,68.58505692760697,-37.755537015056646,2.069828221104131,-8.915492455313027,173.5951263713744,-1017.6531566189373,-31773.873026700767,32653.93397081315
2021-04-23,0.4069300322955496,1.4364258658253253,-0.3366595178670984,36.596576309385604,-7.412573334392859,-4.007202174492877,2.42759041322776,-392.1414808908192,1138.3106017339892,25409.09961082912,-26122.19981926627
2021-04-26,-2.445900652836426,4.276879759008976,-1.1340372485318468,-9.1824993780289,32.802126822368095,-4.406974340273468,7.84481928857301,-732.0905081281114,34030.57786633196,-498023.0631756892,464758.8414032351
2021-04-27,-1.585293646604179,2.3394865366673794,0.423554226906072,-1.039567881581445,16.98498768632171,4.440725087736488,0.1380714076565053,1797.2812023649174,34761.90001056762,-1190549.8322960776,1154031.979119728
2021-04-28,1.1314857660729585,-1.0078540621204246,1.5708114994934976,33.008963893604744,-19.96511027399477,6.77423447144164,-3.8745100536001478,6090.180086782362,6839.266151125247,-1204294.7840117738,1191411.5097526254
2021-04-29,1.1141510502646932,0.18254889174198238,0.8658737811581776,21.625219265587734,-6.828483458046314,1.8732545185185085,6.832102391151995,4994.641479822478,-18582.637613507348,-122570.08318759289,136197.41465483737
2021-04-30,-1.4372228437380687,1.9262652087820262,-0.56957796942202,3.944008594637729,14.47315027155341,-5.491043357399741,100.50660786378744,-5984.772115328558,-187736.91954029867,333731.45009700075,-140059.61062914174
2021-05-03,-0.8017050246943521,1.428917275561078,0.2218841094171246,0.661822615492108,17.276331195837905,-5.273747880584275,308.4503335787823,-16767.008833571716,247111.86173542173,-2493874.0517705153,2263271.6950327954
2021-05-04,0.7494058635522175,-0.1278160593185025,1.9146858872291135,-1.3816975771720463,8.589094654635629,16.362964685799835,83.08838512813945,69.68176155509575,544194.9311844378,-8169036.623776335,7624728.5358077595
2021-05-05,0.5121881180254111,0.3494811075318756,-0.13275002131304522,1.7767271906981381,-2.5108868000130897,48.96825779423223,-71.75927028294579,90075.46126467326,-422304.50887267257,-5956387.871419931,6288705.345280824
2021-05-06,-0.4686316535179416,0.350596240170308,0.42686708547909846,-0.1388445270295202,2.6328492805212567,43.255013046890525,58.14874518876652,190857.64527646362,-916031.0547361312,-1361517.3257067886,2086651.258571795
2021-05-07,0.09249183719441842,-0.16526585617233155,1.0260400383005193,-6.17006710127354,35.282006617387346,-13.727366200426575,30535.063018220346,34063.83746715863,-3713750.652931025,2356154.781042474,1293045.593563837
2021-05-10,-0.2953345475141546,0.2534807908512507,0.0455973890886547,0.4316092856324423,24.632262925319107,21.369720144194012,137380.38693928602,-119704.73511817952,1171059.5713531214,-10272305.253335262,9083588.512825046
2021-05-11,0.05547568093874014,0.29460761383738426,-0.15424775407405533,27.92890655126462,-22.56218290864676,287.2067064506053,30751.775628973326,136215.2323847394,-2043632.106406537,-10957689.968149064,12834127.607276253
2021-05-12,1.072637023832815,-0.13165295061283916,4.978506987488138,15.260283241218465,5.320331178051571,447.0757665053075,-178.3066648918695,1071703.2302054649,-18274071.1535745,9154051.425743034,8048087.188418908
2021-05-13,-1.196662279147233,0.4034483530002285,25.77282040120835,-33.19046050929321,236.8503686764635,139.3290447898045,44959.65029881278,1218093.483998733,-12045162.97001138,-2047206.1291276657,12829011.816282067
2021-05-14,0.30720090435210046,2.2605187744355493,-1.2315270522953892,166.65994666869375,179.8615505990581,-55.186529486433166,2033395.2262032554,-1037439.6671929432,123805.7445222965,-35427847.44185098,34307858.78715797
2021-05-17,1.8165424203197198,0.5277116999449019,22.91814040380883,392.66041434310563,-104.38994448828335,219.43200474496382,1537737.0737468547,-306164.58986461256,-74640256.57423158,37174614.02676658,36233603.33871363
2021-05-18,1.8182235674381662,-0.9288519907345456,514.1919248497651,-258.19728637367064,297.61776691992765,1138.3133246512084,-123694.45345173992,651382.1327975647,-18264173.005803816,-20728230.883872107,38463088.88522847
2021-05-19,-0.5177495185287598,0.8335033891387479,159.18750392504185,258.2870851459271,331.5406804744467,1683.9793392782656,-8223.766362242628,-70829.3767281804,823311.145767762,-24446548.774237387,23699920.741197355
2021-05-20,-2.4051315582010417,3.5458780096220788,-4.475117432144073,1284.7683904305902,-314.6007139237814,-87.1815037553411,-33248.2535918593,219107.99237491173,-5971125.5511069745,3153856.7523305328,2630591.358191618
2021-05-21,0.5122383820357754,-8.238048155324108,2526.4599773638656,-1256.686283254487,57.84906861333744,-764.7815857101771,417191.43121598574,-232424.9724292281,64174.93318301539,-8419960.889352145,8170527.992015133
2021-05-24,1.7643969249415923,0.0838991632096972,312.53459543418296,1111.7435885779355,-469.302516635929,-495.20987048455225,385537.88016413874,-161910.65378342292,-488586.69955111505,-2592980.8844757536,2857544.873553173
2021-05-25,-0.4414118434616883,92.39687324074328,-57.103983292426726,1152.2596562280037,-421.80710768970266,960.4676023452624,6932.115754478015,217890.18325613317,-1734764.4748914137,876906.9651083201,631375.709143494
2021-05-26,0.6552328314329763,-0.4223817316527462,363.16459412134355,-168.54217744807494,399.99851069005325,2169.026199865386,-6601.189428509347,142139.50001673502,-388483.2995593247,-2504984.9802436703,2755232.4992364408
2021-05-27,0.7328239179279958,58.63936031127159,-18.741120347978082,464.02513144748593,-139.14028299786816,818.4160608437438,7588.576888910976,60605.543959887815,71035.84838923777,-2212295.611301521,2071948.5800903097
2021-05-28,-0.6559655161161307,43.572660896412565,-31.471398022455517,447.53845352850925,-28.699376165860738,-44.567458874749086,113252.77460130563,-59161.54569623414,34031.839913843476,-462464.1554223833,374021.6796876226
2021-06-01,0.6766764930611023,0.14153596965448992,458.44404409886977,-224.29603759551952,195.45744004821822,15.851389909270132,15400.20553034217,55639.39197616973,-21734.52391601389,99801.00054731205,-149484.5491867336
2021-06-02,0.798912151588428,-0.5976285183392912,341.1814532657,-33.300244371926794,64.39981086303393,338.0827807036708,-176.7933570643322,74540.85317530498,-38081.286345265406,40519.710543647314,-77444.25910071628
2021-06-03,-0.434042942355041,5.260707348509077,-2.967422434545031,484.0797567288612,-171.33436478340258,367.2881184375629,6690.725623189249,19707.49037199322,20779.415413417613,-58980.70884570303,11189.994684748322
2021-06-04,0.31267989405382496,3.8251471720376236,50.63181494243901,209.908543567075,34.32378910086889,137.9112353784404,19308.350361896963,-9835.047783911277,27017.80933728521,-23796.035231194437,-13062.419894131373
2021-06-07,-0.3568264661228722,-2.8315160978474148,133.9022409264901,-64.77495279140565,278.8086663295695,-49.81485293049988,10190.142949711788,13411.705354235442,-7836.467723365476,13317.09099684054,-29308.194336392477
2021-06-08,0.3023911138529441,-3.584165136694214,41.12737366574085,38.13447488870519,319.8457426918264,-104.33373550201728,949.1012984539865,20866.50740413878,-1758.6197512030583,-3404.8150051740427,-16873.55602793708
2021-06-09,-0.26946153774635245,-0.027787290830489423,-0.47030947385851285,656.5896094832111,-309.34903096125953,20.03240843771035,-121.63820600666911,4327.2366211152,17833.620024835134,-14328.461341269527,-8007.362527331365
2021-06-10,-0.2972566437674587,0.8908242997966986,-1.791660497549273,349.65860416763667,-21.91641746804142,-83.36537025963698,154.52967921107987,-921.9892284620712,11636.35219069105,-974.329270497047,-10067.40209454145
2021-06-11,0.20007920858021955,-0.35786966818296656,0.7432027065820633,-2.845504346505998,273.0979635326669,-99.8363832896558,114.77810829316908,33.82182362029546,282.147260114639,22112.062305446754,-22642.810985618344
2021-06-14,-0.38155860704926764,0.7253251230515888,-2.171694509046882,100.68437618282236,-58.61171096012764,158.92161859636028,-14.931867992672561,686.6870334590059,-1222.1270468477856,30882.204641953445,-30460.059116398003
2021-06-15,0.5357679590237338,-3.917642209109489,3.6129894626417647,-3.334392617889633,136.8033525803214,28.506842578826323,61.55695536158101,38.393657949731384,466.271253569628,20801.71848413876,-21458.087268773514
2021-06-16,0.48561714095185493,4.6507367063570975,-6.407410527019346,-61.6641986660059,347.3410083990061,-107.29123201683448,93.51115854949586,-102.16036633242821,3023.4076867024473,1132.3957879990721,-4252.238787955042
2021-06-17,-0.8485206909334321,-8.49371903829184,5.485004969995479,108.8953472618487,149.7710423511991,-35.916713442376356,49.70414348983695,-77.38602132735744,4448.792598058664,-2669.9923994017727,-1898.9507622308129
2021-06-18,-0.7075250789065497,0.3422970788265802,-7.926177537297085,384.31625359480154,-202.55007176017565,68.70080465751694,-13.815387383837217,168.14330182813583,2956.9491073026547,8350.65436926524,-11632.466971966958
2021-06-21,0.9032528081977433,-23.46531333325483,13.08017098098672,339.7943240303333,-139.60378502815786,51.735826907801375,-28.72070237984492,554.9365628600675,-269.68206195253515,43982.56904763929,-44407.90732253288
2021-06-22,-0.12476824548392002,-0.28135122093005643,-8.17045489216728,173.96978406275394,86.25637629376254,-29.81651498549428,59.73243390324189,886.6979762191596,-58.540421534634625,-141825.3536067875,140788.7805471873
2021-06-23,-0.39266285859685635,1.4162945407439742,-7.786114031993286,58.42969113609568,230.0529679824525,-88.73360681019786,273.01088296027746,735.7446763499219,352.77787552881773,-235.0967180262241,-1246.313286771297
2021-06-24,-0.1748372501110203,-0.18990910570509217,-2.923483797726997,13.653482476652883,252.760704136689,-91.81881245800204,502.5293574023798,112.22919081476104,1273.11155594084,1143019.070007075,-1145004.937255235
2021-06-25,0.7045223748678758,-2.541144990737201,3.7777733978201864,-1.36941745048967,206.56877884731654,-30.319304704373604,592.6651269218663,-236.44638519712922,17296.72706958291,502860.0395779391,-520615.59659672115
2021-06-28,-0.6823835064513157,-3.5012820058394336,10.067541375492937,-5.556020222381463,124.81412687400334,104.61447160906648,452.9545387353401,8.561062417112561,36375.813122364285,-16495.86826329469,-20498.23691434594
2021-06-29,-0.7747047753382452,6.088694102403522,3.379827952744658,-1.8599338162276031,27.85255715429059,300.5416276762655,117.25005807591363,1607.0229214660367,30361.247323827567,2723753.3673457257,-2756100.9757173895
2021-06-30,-0.5280066736004368,17.956410928127735,-11.279576860835299,26.70715789723809,-40.15612334860707,465.3079900737204,-106.03666233831858,5603.298787947342,-3093.900259363209,6521318.647822435,-6524106.4975406965
2021-07-01,1.3845735850819394,8.155214640256803,1.5462673871953996,34.452820602379234,-43.61251251600763,541.4769176349685,-86.31226246058259,7869.976916137235,8010.945625423039,3168449.656752416,-3184712.3403128497
2021-07-02,1.636516106896891,-4.973195633356713,34.867514359860024,-18.962630020877235,177.04029129985682,330.6315397878635,39.84301713830963,1794.6980512023897,32022.96899169219,-695176.2972696339,660873.9171737008
2021-07-06,0.010153464403456802,-0.22123905573567693,28.027215747372324,17.759694834672526,582.665025997747,-169.8054165708216,933.0918607717726,-707.2081010930448,183968.4332743934,-506212.73588115524,321633.6034126654
2021-07-07,-1.4103836853404998,8.91154560412618,-5.18141901524579,397.1515058185467,163.45604530967896,26.257328912605338,190.01828630694777,4327.438206157918,148971.0941130273,71050.19516484263,-225055.71039327915
2021-07-08,-0.4259844401277342,-0.26676228662103496,126.62983330579092,402.759957305137,-195.97412844566065,535.4878973846635,-270.7689204776814,43239.77397461762,-21554.68510173602,872990.2902275175,-895199.8409927445
2021-07-09,0.8435760222406484,19.738841029644963,218.75219264881395,-120.57950520522886,1080.9514603698008,-304.15396067269467,1254.7655496518685,-1024.7987725099636,570030.4688974507,-248564.47100947096,-322516.9572693142
2021-07-12,-0.32196386283020406,63.50571768535694,-66.06189938718033,1498.1940128783237,-538.9430033082145,459.4902949454224,-1943.632280310177,219503.70172910893,-109756.94570189287,395419.1387354132,-504563.91564127
2021-07-13,3.022517320514133,5.114841834470182,215.56821516986975,1227.4584867336266,-149.11134703143432,718.6686120876271,-212.51425973307988,19193.492880821275,346534.0047344437,8781.025881177402,-376241.49056282395
2021-07-14,6.7755478271576255,-3.228860133599306,1618.1230436621024,-827.7373701206852,2077.3851606402886,-633.2519559606584,9021.441758736679,-28764.632346293467,522469.02520868037,-161422.6191182733,-343468.2210687649
2021-07-15,-0.5498778479391315,6.357977477267986,-51.6758247713511,3542.505944116765,297.5818494547074,873.0740997855935,-603.6449502680921,331509.4565356885,-162798.51820526645,377998.48627307377,-550701.4038214427
2021-07-16,9.169708025038593,-4.621397075848526,2105.715090729106,4372.354182076111,-1909.0120413097952,40.841903462337484,8211.474605634257,292031.19787667244,-44655.10616316955,623154.1511950195,-883284.4049600635
2021-07-19,-1.2121530220654169,1.6617716150283477,8608.39239069155,-4383.772956187643,1192.6719696704026,-1427.0534444231635,197207.9165175394,-177166.27570334444,1098658.575097212,-41497.02161038575,-1081127.4318793654
2021-07-20,-2.7397962220148155,5.667430854914681,3562.4563211922928,2928.7707627657064,-2013.4931864105065,384.21542305315404,44440.48463890131,256263.4005648457,1195561.642814016,-198660.779332963,-1302402.3056400334
2021-07-21,12.96268694054845,-6.2658198098403926,-2.5478346033338064,3810.2980378799634,-9.967917001500012,2405.729459637079,-3253.1477719673076,2449234.462505445,-1080789.1693509915,187932.3476495668,-1559264.441645096
2021-07-22,16.721789834264428,-7.845878225929813,315.3713223196473,-426.1316320584299,8113.559292218817,-2742.9639648827633,21584.55564510431,2319920.6537188864,-250520.1249371787,-406119.9241179763,-1690061.721238041
2021-07-23,6.558887181758413,2.5862801653509746,-109.1129124742164,934.1974742914052,3864.8937597587005,452.9309610205301,4223562.92316011,-2102278.7826063843,116588.37813132949,-428628.324294525,-1814324.0088404736
2021-07-26,0.8228244210521861,7.408043125311652,-778.8842533920553,2364.332692161076,-637.6212952251894,14163.224888737039,1494120.1794771615,847792.0312603652,-346352.91237672,84790.27363383693,-2095396.7048944707
2021-07-27,-0.5118062404500269,5.4828704936473915,40.57994624808811,616.2538864809025,3551.468640990663,28638.953500468702,-11868.988632017566,2134557.037335473,-111216.8309502628,-31712.406662919904,-2012539.3581287144
2021-07-28,1.5043779872916123,1.2284392456067137,940.399509025027,-759.9609046863104,23839.84521235155,5445.044318855094,1002636.7276604807,842168.8723241709,232234.9248774528,-272801.99922072276,-1833634.2165941596
2021-07-29,5.007269331468406,-1.7384610889733516,955.8338752867548,-633.2411915261631,27876.819878663657,-14063.101267217557,3649536.9421277274,-1779717.1525520538,149143.05268844758,-324898.8781106693,-1708129.9242569013
2021-07-30,3.3208371663310556,0.9841533334490682,521.9368994567618,110.46156457820715,2808.3683949546357,32905.186316952895,114553.49678429618,2152809.2560522347,-527836.3776712061,-9535.015590631294,-1766267.6877411355
2021-08-02,-0.781970669302991,3.1675118427536737,114.65550338822457,669.2391126743262,-352.4601266698855,76061.97991034994,-91288.80407729509,1776575.158264079,-148214.86591086836,309644.8602250373,-1923140.8384418688
2021-08-03,1.1716230490886026,0.9596473424487559,-51.54574577542943,716.9129871326082,23430.578373613218,-23580.81761470502,1330221.901776096,-596209.7504116253,909733.6631653912,357469.00202842575,-2001661.4358289447
2021-08-04,-0.9828748075527783,0.8362641369593804,-76.83445885216562,486.1740106123669,-183.18025838859384,658452.941246662,-324402.4764659981,1813440.2365999161,-398818.87367613707,57665.0003827444,-1806494.6507698887
2021-08-05,0.7645160453701851,-0.02389159861363403,-64.69145822311258,225.6736950632424,59393.1832612824,-38578.79807217564,4739121.862392093,-2770378.8151949053,457364.59919063747,-1517756.693244829,-929257.9611933895
2021-08-06,0.05121733503109864,-0.3108924414460116,-25.062362162349302,39.794900649231884,-23763.18392598135,6016339.115997933,-2997336.349766857,564031.754476133,-992941.6791982724,-2831188.0474396236,264912.1769932881
2021-08-09,-1.6107105117817089,-0.583836526929076,43.707578881973944,-48.96376680714053,5806.146512197102,-29432.85859130813,3537310.674339848,-1695575.5907723294,725445.9141116814,-2021385.0814627975,-522095.19340232783
2021-08-10,0.27981527651207655,-0.9511747116397954,76.11437372741953,-47.86371985166803,-27.667599201164148,504628.24140358536,-473065.4211735636,3000410.3784165094,-1009692.2853576716,117499.00001106695,-2139711.494995166
2021-08-11,1.5117062656369293,-1.4227511575460476,0.07468002508165157,28.337966194413845,409.82081248096574,7100.46419594922,576863.4717349218,-293233.5665818493,1577014.3998438164,-2041143.2151382149,173029.42353156814
2021-08-12,1.7590381569920706,-1.9924190236056534,3.553807397940426,-7.635661434987441,362.04761791847375,-1978.2096164139236,277364.93344585935,902987.1633019729,-409221.7216068421,514802.9021110024,-1284243.6800185933
2021-08-13,1.4918819988021175,-2.5572848238781187,0.6026667528470546,0.8058906175038929,8.873024257127813,15148.460284881987,-62832.1138991043,984146.9457408271,78345.06148507143,-487588.95669917885,-527160.2530912999
2021-08-16,1.009929614230948,-3.0145304295234543,-4.921143857466764,8.557459789888737,-2.4698824590220005,6414.731431311253,3099.7342642080384,32386.884198466472,1535243.0384943425,-1464447.6241151616,-112628.48610582482
2021-08-17,0.3734033146875897,-3.3018172775960277,6.522512262566255,-6.448982033162499,10.91690155240195,-141.6370723870306,35402.94977112715,-55374.74841449505,1532543.0283457232,-1125714.599152309,-386656.5554954782
2021-08-18,-0.622430083879577,-3.4095651095821453,6.11030907005146,-2.251951402998177,3.589475603301046,53.92390033569752,583.9178004479869,37022.43899490917,276884.56255666213,1531648.1945420613,-1846131.0936324932
2021-08-19,-2.2338914799038867,-3.4226546735922274,4.002131983601013,2.273191866118898,-4.9798060654842535,1207.8869276931368,-7152.771063931409,105417.36268145723,-56637.713503411615,3619849.0417812495,-3662615.7557946877
2021-08-20,-3.573335943821914,-3.474246878374629,6.465703003986131,-3.5644853613130536,1.2866544168773677,193.28945040289247,492.29182529080356,12504.693309946337,267450.3804577029,881111.2746045422,-1161686.8199371225
2021-08-23,-0.08446422885607414,-3.5090735057886393,9.928331182570624,-13.8640055204851,12.776014889968478,-12.021530867250215,3172.3534429483802,-5806.355916684423,312778.76856164075,-167718.3372607156,-142354.00409913925
2021-08-24,1.3241780373164826,-2.9995182454285185,7.196111876810296,-15.259384752515805,9.876570213759988,246.70814117710736,56.462313147947654,6652.16153571646,87908.74459904077,1185477.65961576,-1280274.3741619722
2021-08-25,1.1437315726968926,-1.6815922065126356,-4.0114466019467265,-3.317104773748406,1.4222306726381524,401.71631888251136,-670.7768154123731,81360.58146509876,-40217.512881801515,9454072.65065487,-9494871.6745603
2021-08-26,-0.7169027275658979,-0.7973231827041162,-15.872045109313012,9.490538245390018,-1.1171960382689674,111.41440434512785,-171.35622120199127,37552.429185344205,33501.73884918458,2282344.190405618,-2353261.9836944775
2021-08-27,0.6474462449097017,-0.5457475451544191,-21.122872204560583,13.381198525161611,1.5076293579083577,3.030071935926025,494.3928017258131,23541.63496403474,85634.68305773906,-32324.00253368072,-77274.76601613309
2021-08-30,0.6971646636009452,0.05460140798697651,-18.78846340903683,9.301440933419821,4.257081908998723,-5.472773641084335,414.0585579760143,-306.61664123189394,104691.79164812973,522572.1385526115,-627292.1411693492
2021-08-31,-0.5264424909102667,0.5724822850703053,-9.262704056407241,0.5681238525526634,3.0058152389663055,-1.6514081728069003,1.577990673893703,9829.838722019966,62391.8987151501,3648565.130133351,-3720712.7214278514
2021-09-01,-0.45153679510291456,0.709955810140376,5.810489654062854,-11.12436497472514,-1.8260410037502446,2.1464505902565123,-70.01087399116699,103479.35494951664,-51649.83794164423,4139143.119421918,-4190829.2605090803
2021-09-02,0.9125542510885765,0.6556160543188977,4.414589407717271,-6.858336357653711,-5.46360019934246,-5.882988668501846,-45.90110867630412,55781.14607601569,16378.647905347805,1367882.0638113332,-1439913.664518508
2021-09-03,0.13983923069927243,0.4480491591246882,-7.747193251838485,4.715973344439357,-2.1998180297141805,-8.902414109480626,-7.984473582230093,-59.40154556132642,182911.51639230593,55122.971555162454,-237884.21636466807
2021-09-07,-0.5860016336594075,-0.03326380317527095,0.2808937296955259,-5.743623032457039,2.172975756610255,-27.48389349650925,24.61071096677894,3595.164194594941,295222.47496669827,-130286.59409113739,-168455.7728686431
2021-09-08,0.47894326726128333,-0.6307401422342978,-8.229116588154726,4.554912492341793,-9.758804947415545,11.966753787842482,-146.71951287682057,134562.54547102467,-6005.765311860068,452202.6495842305,-580541.7321783879
2021-09-09,-0.8678313487103936,-0.5979870907346465,0.9749807862788107,-13.609710179003665,9.079978250640481,-109.64958564773576,-183.48719702353387,146491.69976036184,-100442.87499975889,1232274.244095223,-1277956.6515035732
2021-09-10,0.12062677136404125,0.07320791358222221,-12.591947303547238,17.093843084878227,-114.17493189287713,-239.42864251833106,283.3267538463103,11203.966256401669,251093.03758141564,694615.6030083484,-956777.2057560671
2021-09-13,0.47096870441124167,0.34367112206182654,-12.319065235483482,2.8592089651265558,-441.30958713247713,20.156342448576325,381.66292466718136,-402.88825086308555,1009288.7167942241,-531138.8441022629,-477628.3089046376
2021-09-14,-0.3351327438882865,0.39105247470225796,4.839970479477509,-343.64150409510336,-365.24630629203625,166.66664752396682,281.80144424415676,2165.79160380341,474660.02391217946,-15843.971430392585,-460655.79025718156
2021-09-15,1.5940479898095214,-0.2189599337190362,-2.2708704201910184,-768.7850490045213,110.56406936341645,20.157066717471942,-81.2473690548979,82080.648484963,-186636.85707191413,1867950.2770314906,-1762601.2713801968
2021-09-16,1.375433453007789,0.6236801348730988,-109.96926515152091,-957.256355476452,482.46946874599985,-163.4137612286247,-319.66899109298464,77626.95771814357,-277922.6409262874,4109652.572056411,-3908218.3590576514
2021-09-17,0.49545830734189206,-3.0386018108710515,-743.9132805145289,-403.54408517039724,374.0636955144022,-47.571982447568196,-192.54818478810893,14441.277331999278,-170348.39788112897,5056603.812555072,-4899608.545025032
2021-09-20,-1.5455963358554516,-25.87399878710586,-1666.4651065845305,549.1016032211596,12.033140544112548,172.64784022355983,206.59009820674024,19.81708011224601,4530466.3051495375,-20265.602251050695,-4509396.597959087
2021-09-21,-1.936755668307261,-91.79825149671898,-2029.9752072076583,985.7165086285896,47.43075543981417,-33.151180569152764,655.7584510989234,-323.2486031263537,8259871.652310903,-4243522.738755872,-4015487.1992721306
2021-09-22,-0.5229616702062234,-220.23824560362127,-1467.2023966878278,545.0721853759629,-52.36133807569361,153.34214892200944,131.5615909674834,2901.4981910108427,870772.9376819629,3274970.9128640057,-4147662.6297202073
2021-09-23,0.03313345444361209,-407.6262813174109,-463.21610637315865,-302.9004509878382,83.941752198112,82.39067395316106,-33.96333055443625,3361.6064604917783,-2481.978990773925,4517033.790008149,-4516798.64686824
2021-09-24,0.1434980131917829,-594.6577786493983,323.6198149033291,-963.2895875914243,280.36522543542907,-77.71294365412334,67.93953510992785,969.8436339065589,894898.6498652952,2945807.109510685,-3840637.830773453
2021-09-27,0.849839843879457,-656.2344688845704,356.55165790698135,-1004.9417679748765,353.58799730588635,-105.56065977444842,291.7171834847057,-101.06934139757472,5234575.803849118,-2973227.974004074,-2260407.190285554
2021-09-28,0.11671067350711282,-489.92569936971313,-606.7143905538561,-248.70348123458714,296.7443394918126,-4.563601342361936,341.9692330738201,-130.61546116590122,2058219.8972819953,22524.23305079742,-2079826.9979823653
2021-09-29,-0.9276255264318399,-165.11875223558337,-2016.0783130276711,884.1794336385886,111.78108425880338,212.29778695017941,185.4204985171712,101.78421659263863,14593.230640284304,5677945.760046818,-5691777.2690162705
2021-09-30,-1.355271993932638,86.64978224891266,-2400.7467478443764,1112.7998798745298,-48.60122972598968,458.64044620321425,-11.24501050948423,172.14788605495272,-518835.49581124424,6161898.77855942,-5642356.352482484
2021-10-01,-0.9820757922300416,51.22150894425317,-1289.8350561705618,36.96677279868178,2.170489302408879,558.8285022600517,-109.27119275497755,101.21621688262536,-2615.0531840524177,967211.8682143242,-963871.1201957421
2021-10-04,0.25174055746040375,7.119914961569064,-244.78706650621533,-987.5083751231576,413.70595624161194,125.53250091272248,-7.273856296394259,-51.464827066386405,6149.642763366434,-100914.6032304519,95587.06447940426
2021-10-05,1.1254892266137924,-2.629895535331341,19.34734016764644,-769.9312772799833,48.67146536594691,-56.57004537144668,132.76355361773903,-225.802943860612,3161.166500192151,41658.13252898189,-43887.10271550462
2021-10-06,-0.9443316795772283,-7.155676202885482,10.053020888207898,-47.42156999861966,-673.2792744682139,135.50062694923497,-35.57132505438145,-177.7108743820497,6644.952289391787,-11247.009185175802,5476.2462997323
2021-10-07,-0.7908724641479844,0.468100163176228,-47.43776107605678,72.2025349461704,-433.42358747215167,-114.92407845487006,-127.49016467112179,113.06663232086622,-7201.400813752987,16962.619700395066,-9144.429689933942
2021-10-08,0.04783853647006863,-9.191174848468965,-16.263452274430023,-18.84350679266099,-29.63685384992298,-575.9926526810898,161.46105277553664,-1045.7583142954763,3239.8001054375777,-5734.044031258533,4107.970989250998
2021-10-11,1.8145263650861618,-23.38533272412222,16.15031181462432,-73.05972637927029,34.40609122608921,-252.96929109102672,-232.24614213734012,-2242.4241063131753,2830.2253302358195,-2284.8943513653844,2307.0226903687
2021-10-12,0.8344439960427379,-0.36241065620279805,-22.037667375707226,8.923959389645285,-68.21405618965508,23.263936377246594,-3329.990935057551,1582.6256627573612,-1829.7480916844654,7270.70326040555,-3555.2481019622646
2021-10-13,-0.2846436760546393,5.360213322585002,-18.13227617343683,-15.338980097003862,-11.755265347080904,-67.80147549900599,-946.4740102150743,-1680.108992440552,-2214.106541410277,12716.81238060402,-7687.50040906812
2021-10-14,1.4649455793595643,-0.22941017974012443,-0.3634380251469445,-46.035037922357496,18.62592063755053,-106.95219374858665,60.39525748183033,-7727.980784656862,10083.26466847654,5453.753753693454,-7654.513681336042
2021-10-15,3.9993324729886077,-4.08849328378134,2.32670383538572,-30.092085476729004,-5.222113377918248,-19.473291244610554,-1314.0766277263176,-8750.346055053384,23633.577586100168,-7982.29982906142,-5451.915127184382
2021-10-18,-0.43554084661748993,1.98231229501193,-1.529826825656455,-3.377186024350139,-34.353596596402156,8.817837399418567,-20506.95905518386,10247.906052131699,28941.23699896421,-14115.80991698959,-4454.858078323861
2021-10-19,3.7424072619417257,-2.3189197675849753,-1.1963315346120154,1.3576720022757824,-26.952277146217202,-22.85287460705341,-11522.155211878153,1439.2978843174167,23186.293788145067,-8123.951812279651,-4848.074324513431
2021-10-20,3.916198929044047,-1.3215821246745156,-0.29351372383749275,-2.4329330936624234,-4.019461650694351,-133.38383402728408,52.05016645422756,-8759.483383922849,11284.337165453997,2917.857604734467,-5272.8264270287345
2021-10-21,-0.8838353866267361,0.9062207185165472,1.2177274633174702,-5.989036551566539,4.027077547148617,-234.5913330485586,-89.20881400099003,-6748.524253355201,2295.228531246007,9037.582177772963,-4177.1244624050105
2021-10-22,1.6031017429114782,-0.6937267837889061,2.111637458461475,-5.389399951310796,3.3734600947063322,-190.30255077363853,-2503.433129974192,-3260.589491545203,-1013.6874349209351,8735.22163184311,-1683.6840971901202
2021-10-25,-0.32506022809786417,1.2641332167263548,1.6104077161414816,-3.021176996902212,-0.5838512289085978,-65.62706967965597,-11373.00874010091,5691.450858590678,-989.8686862734163,5741.880687430048,1080.8684975542965
2021-10-26,3.0498660951834737,-1.0530194298778783,0.8641532737468715,-0.8050086248636913,-6.367454548749572,2.4601045179461924,-7829.20100619946,1845.3439771268886,277.1291868527468,2441.9418716512732,3352.2773292851657
2021-10-27,-0.5300679581903528,-0.10431551705032348,-0.015291185311364378,0.3881649951554598,-7.222890380731957,-0.4851410521070745,-1445.661742391566,-4898.526598538224,3832.660070120755,-2288.231381471104,4890.389193378374
2021-10-28,-0.9095206769985529,0.6885641874116145,-0.5693591527268115,0.742844864314844,-5.250085320679279,-36.05978873213443,-26.375808090871043,-5684.185436754945,6323.107434687544,-6348.749310271655,5860.34046526074
2021-10-29,0.4136670091151549,0.12509257578590716,-0.6358250770664636,0.5343857489448679,-2.329462481536542,-56.30770125487302,24.88796040698229,-3151.6551325749338,-1603.8011628621364,-1481.1623999171181,6353.430578426835
2021-11-01,1.6867480138078303,-0.8625347749396685,-0.11506491649474833,-0.16877411126651937,-0.12127873776604302,-36.34680795773367,-188.36456525533578,-66.52091884999747,-13881.906553772811,7696.61499655129,6560.184753811248
2021-11-02,1.7912938675934704,-1.5010137574090996,0.59580423305367,-1.0038060831731512,0.5654053386642908,-10.295313407546015,-285.83874986992123,295.08985886144734,-9960.00690000356,3145.5582727242745,6898.9551480965765
2021-11-03,-2.639147075665686,0.23390949302210032,-0.03131679769177153,-0.6229584323321117,-0.19896458941691791,-0.44163143802095467,-68.04795299732494,-223.0894748546929,-1403.6323253904827,-4853.342732511044,6632.63259459365
2021-11-04,-4.642392020931133,1.1944471246603523,-1.9517260761134398,0.8995668069056756,-0.9919032717365239,0.4643749562937898,8.12463238827082,-371.937570779108,153.25258068319422,-3087.3519986526508,3381.819988841215
2021-11-05,0.5860159585635704,-4.819499030482994,1.9138451303631872,-1.1826836169810542,1.4287017913091569,-2.083464341153893,-8.08816609406856,-7.486684148918962,-2055.2423920573524,975.9987948887335,1180.2255315199884
2021-11-08,-4.011897060006142,2.230826006979124,-2.2763629630288293,4.766207069947501,-3.123303911994205,-1.0904648086416344,-12.05443524801623,16.793927875263655,-853.1950657281515,-783.7403896358687,1717.6609584035168
2021-11-09,1.7746034926142493,-14.089882888994238,22.368169764676782,-9.937944720634384,-2.9504677086466233,1.4254306284965264,0.8062144794256346,-44.745408428651,24.437072028448593,-1153.0598293092087,1258.0920426624732
2021-11-10,-31.89376184304324,15.833634993580597,-1.2608775939045163,10.807341066314901,1.0674810522224414,0.3999250439594828,-3.6144028357384417,-17.30982808221876,-141.10212515049022,-20.75024094306305,269.0528542923808
2021-11-11,0.3733109497617305,-16.378918328044982,6.036851240377622,-3.160976773136946,8.92785292655318,-1.1323129962217406,-5.5308181113731445,3.7378022669937745,-154.1930839940025,97.57232273049286,145.2179700886002
2021-11-12,-32.48383471510814,16.32568148020207,-0.7947102301221959,8.592518085207477,1.9380250951899498,0.493546489753572,-1.3848536317957352,-17.483270491818363,-10.922075639389758,-418.41000621691796,534.9989797747991
2021-11-15,-14.417629604911607,-2.637951558031695,7.268590691764345,3.3780793217763936,-1.496095836824075,2.3833323558157615,0.8293555207212681,-22.75886897869287,9.150156101504843,-443.4732965738897,542.6243285607673
2021-11-16,1.0669979583156532,-8.092850463660085,1.230149853023125,-1.97859502474428,4.238727383142144,-1.8986406252095294,-4.125714186417589,-4.190328023534337,-21.61316817533873,-82.46409286363358,198.58751416805723
2021-11-17,-0.9951489941286095,1.5694406593617196,-7.2352670194807445,3.10568849307023,-4.199532621317386,1.4607049483775512,-9.444683993817188,4.038271272600383,-43.76306304260533,-42.40539961142697,176.18898990936634
2021-11-18,0.9516122016541999,-3.306469676488131,3.2810646958685346,-5.740717970963711,0.5171620065203686,-1.1787421440070782,-9.438562952744942,-0.7900548696302664,-37.121764919525255,12.036878321547668,119.70959530776861
2021-11-19,-2.0472949021143676,1.232971435968313,-3.315617305724407,-10.163983972484566,9.611480288092492,-5.490249898735813,0.8048724305913647,-28.150208301783636,-3.3009526741414894,-144.08063627090127,261.0096191712334
2021-11-22,-0.5561624907546716,9.782765347807754,-22.992225230029128,0.6873783944094033,-0.9545731371148521,5.533957633930765,-4.293446727471062,-30.91814240489778,9.868572730958357,-212.1628990414418,322.744774924603
2021-11-23,3.6393705536924243,5.245181228367168,-26.969709174860366,5.539428802872279,3.7390684264680067,2.3433975530213753,-27.50802980929834,9.671106510418921,-44.58693689967854,-83.57477374878782,230.78189655778488
2021-11-24,6.203923263534576,-37.83653263241913,16.303882587752334,0.07210945357642069,17.435087119408376,-19.99763461653823,-4.7510351440101255,-16.187070371790604,-55.28687013185051,16.081089646081296,156.28305082625562
2021-11-29,-0.6687178759142328,-41.403350477613415,21.29875695539947,-4.967099716668472,1.9152388740305588,-11.366025078749509,7.961841258356489,-83.12438107754848,34.526109924027104,-264.49107092417944,410.19869813885987
2021-11-30,-3.8032868324085096,0.9283069090463257,-27.725351980022634,0.2966251625123272,-6.243582998101968,10.564935035217843,-19.09061241511978,-60.35015336368932,-2.7483434222186314,-759.3870390626095,933.6985029673938
2021-12-01,-2.6444860675111515,-26.735494214256466,-8.924470303202222,6.909006142393844,4.375708186305316,-11.729341518404954,-15.900752144523146,7.334469875961471,-195.64720900709528,44.510375613054094,263.8921934372785
2021-12-02,0.2777640453285235,-51.86583306864888,24.995466379298527,-5.012571218705826,12.939102018319295,-45.55185584908075,25.098443890212554,-210.71316001891958,90.26819271154837,-1297.4849258979343,1523.6493770085822
2021-12-03,-1.565750129563801,-5.683696118216855,-29.80767768383233,9.595290266368812,4.602226385916639,16.752957152308227,-86.06085959432983,17.14320851855212,-543.470173523569,150.8192147731545,534.0652599532116
2021-12-06,-0.24753212096202487,1.1792897493407084,-25.23718623288148,6.636809153105478,-27.620855463353813,-66.19048776353102,42.98866130983941,-740.2248400539836,324.3940049451015,-700.9969766003035,1254.9391130776285
2021-12-07,2.262369304916614,-1.3223697824267853,2.425642314433338,-15.203140222967388,-74.2010709807854,40.32171895269439,-219.3926325278446,108.39326993615596,-2258.0417886666833,1492.6020308867842,994.0959707857228
2021-12-08,1.4112142046023994,1.4132872174124207,-5.647985873020796,2.868287146187024,-97.10636354961873,-126.2133422778829,244.09951270019,-4989.021505177967,2080.125842789438,-710.7281445214705,3671.2291973421297
2021-12-09,-0.5990120314438662,6.569992679936032,-7.900845389565049,-3.1728291213657034,-54.2921374814923,26.19699872462075,-2079.0429482325208,-1199.4434578979185,-571.5735942414026,798.6300299547488,3155.497803036403
2021-12-10,0.5782057325884669,-0.17283931130064223,2.785505724196516,-19.19426163649974,16.713158916851253,-5981.998305975032,1328.0979120133295,1889.4619533279233,-1106.5213315214394,615.0160411275724,3326.9439616018103
2021-12-13,0.02995914720245992,0.4739448793373181,0.5650802913253754,-26.408294648270836,30.821417382330964,-9310.457518224164,4741.045519480798,-275.6323245804027,1130.941902875968,-129.880430411413,3909.690743807287
2021-12-14,-0.8141878720215698,2.8498440317166898,-2.7645789101229976,-6.496929990634125,-5.831186335683878,313.02214969316435,-5050.386767812962,-252.1348011849022,985.3366406412432,1359.4658906356133,2728.3239271045886
2021-12-15,-0.52212013307312,2.330136487873499,-2.6571792046956646,-1.4007951746445384,-310.0729719382878,-10353.184328476487,5361.394892259256,1802.3734059052422,-723.1097007223419,949.9319211454382,3345.806739851719
2021-12-16,1.3047091749792747,0.13219876551170712,-0.37470336896499196,1.000638121275376,-1342.760373489094,-1331.0749116635197,-2686.265280717784,1836.7731278848323,-611.4035433446063,44.27630453751672,4160.731834099854
2021-12-17,0.1672606913437832,-1.0616546685154922,1.628120831492141,-37.9574276720092,-2194.43147380741,2006.206429496935,-4356.941078171951,106.46428543425395,350.48225737853005,-99.6135237480411,4295.986804235372
2021-12-20,-2.3623294583256658,-1.0497968463731746,2.161165234920185,-334.5321331265953,-1111.6470242530547,-1723.458884542715,-800.2083504288706,-744.0299644869799,384.96287410071,269.7035771580966,4129.150866649187
2021-12-21,-0.6752602787042087,0.9939036652868067,-0.7203246194062528,-611.1999315350245,314.32843809184567,-7303.0379551819415,2943.3547790166554,114.70839163731503,-34.530564540748124,780.330433930815,3867.5480898139067
2021-12-22,0.16765111656833892,3.6446079746185265,-8.228908850702762,-139.30191145576927,-1962.4712488722025,-2549.4077710901383,-969.3152473693488,1138.1012796564144,-168.40320731742153,697.6734046155025,4030.361351592479
2021-12-23,0.4296491696970656,0.05870633514679573,-11.87191141069047,10.100851222822657,-7396.410246863294,3059.17816121209,-885.6908390204154,340.8303874955281,333.22791250796496,10.70888467291726,4613.328444678232
2021-12-27,1.4098208283867133,-2.8744687597572596,-3.4652322461254474,-443.9090979685944,-3754.9740555940857,-1048.3095617669474,764.7515129476473,-329.26875851217267,400.6286629258466,-233.04567272291973,4724.546850868723
2021-12-28,1.4087960974730347,-3.290996833577476,8.95458427419101,-4249.059988563113,2211.273755586188,-2020.2890084581431,-337.8739606448322,255.72129319260608,-230.51289707643178,860.4973007724657,3579.181121653174
2021-12-29,1.4021302343032287,7.967895217122264,-22.30851847256222,-429.8369302387226,-3740.5046861625115,1059.8036033035962,-954.9554158708887,141.5409150180721,-210.8911456881435,3542.498638670582,681.8635139891526
2021-12-30,1.0043988560048958,14.363905274819606,-133.37466697556968,504.37915658903415,-4314.2529205665705,531.5058785381538,-95.06715815514957,-472.58949586973546,89.01411692505498,2936.423364923457,1015.4234204605004
2021-12-31,-1.164063166616546,5.4405745713273985,-66.65313748858968,-443.90841652148106,-1952.9867533713111,-1158.9681443413956,306.9228513150308,-367.9638904194227,26.266340992968814,95.90411643402545,3632.440521995464
2022-01-03,-1.1733325591947714,-1.0036469575062688,18.777020341069672,-4747.573062428789,2423.9191386873463,-979.0805841720304,-99.44583772585659,12.59391567801166,-206.9833209901833,-94.1134976266836,3750.0732077538164
2022-01-04,-0.757065864192754,1.6054299860464831,-61.30884131944556,59.64585153387995,-2937.7278243117235,5.3556219326167485,-480.3458938004099,198.07932375340243,-512.2055993394672,4815.34586607081,-1010.6868686415173
2022-01-05,-0.30814249988607706,2.182890577304031,-24.267860405757112,-1858.2199435196533,-1550.03602737054,237.44554709194708,-51.97046963987516,73.31884699698996,-355.42562883792584,12678.56601363284,-9073.455226025444
2022-01-06,1.0199069758125425,0.32688122793396057,120.91239381627474,-6942.112176968424,3470.0224018965437,-142.52603880042074,653.5332612827328,-313.60705451459944,182.9809922992233,3961.028588481078,-912.1091556961542
2022-01-07,0.03719404635784098,-0.3141417745307177,201.77520621977447,-2773.9942436794913,-795.3550628163484,160.55831894315165,383.5290413464527,-276.69208264822004,632.1015064813116,-457.6991453666038,3005.053409248146
2022-01-10,-1.8050873670911485,0.1975373456879161,-214.36540333671064,407.16006112433917,-2733.878752061941,787.9960697547905,-1595.7512704544947,493.14659296047495,591.2663458445851,-202.9629889325102,2547.1068951228704
2022-01-11,0.5975598757283956,-0.5621543048322776,-149.02153256401706,-39.22055844727309,5.577276573646568,-5093.105620273249,2021.9442254010035,853.5755089780955,69.49217708702116,578.0413231933051,1833.851794480571
2022-01-12,1.1632773691538858,-0.3898796995881258,0.5398415991818842,-205.91998849773094,302.7736992679271,-2962.626343788952,67.14886217889882,780.9337554173355,-478.5689229618,1540.3034764649583,1037.1522226506158
2022-01-13,-0.6844568669787062,1.0508634731038637,-63.8442606584881,17.35539774896815,-141.49175881349296,107.52202450175695,-2143.0833164744713,522.7975985298256,-890.3649232266105,2742.817749288195,-70.1049175018079
2022-01-14,0.9457237519755736,-0.24839630579954522,-85.93226801325324,61.99842011736877,-142.4744396958459,-424.70001388689974,-239.8914708078659,-446.7079813579251,-1165.2355482171056,2293.7872521898535,232.2787222254974
2022-01-18,2.1638498064568283,-5.8067686483978225,47.61160179321209,-83.41215533788778,25.29263044423382,-906.7869282708986,390.27961177607597,-308.5168371705288,-1115.7931969412377,910.2132604541903,1130.1749320947818
2022-01-19,2.4949042830167802,-5.277387553589843,54.18402981444892,-71.00827188015474,-20.75726131777864,-177.05973748678846,-593.1662608818843,202.5692177589179,-629.3838330320818,-135.18082793372213,1459.4254282296165
2022-01-20,1.0091626908713414,0.4162275855167591,-1.0318662518404524,-3.154996694277924,-47.2964076250916,16.077599310247713,-522.7298926682888,18.03256294037548,-3.186891906406392,-451.57133513889534,1079.7258377577891
2022-01-21,-0.5524363476359532,7.999577021194128,-78.78467569524844,55.498529575453574,-10.504797015192667,-143.46764966062327,65.99392104115078,-259.6425636694796,109.19257793959333,-216.80169257241673,556.2292093832049
2022-01-24,-1.6275494507835393,5.52455579245065,-82.83141310929788,38.84399534112546,14.512627542002136,-54.119419508573905,-153.07205190477913,66.48544250663042,-205.12045153364954,75.76888346793073,380.11538085694457
2022-01-25,0.1993417569643834,-9.383012478289396,7.623527533032661,-30.489109553071078,2.349363751467959,3.735863450452178,-75.28080720394244,-113.80018138599274,38.04632978254158,-147.44234349040258,411.05102783723953
2022-01-26,1.084023932594882,-23.851038585986668,-16.16552111408035,18.477431537803504,-5.67359994718782,-6.669123412772418,11.33011459079422,-137.30776340977212,-55.32877761933441,-94.8422394796301,397.2764935075713
2022-01-27,-0.5222412096144617,-23.52806750677724,12.320221503543445,-14.388013124158272,5.435965185631893,-7.471053994645349,-3.954548582992176,-16.71192141418362,-337.2804443690156,90.78538622124056,382.9247172909708
2022-01-28,-0.5380757799112373,-13.96510068658648,-14.368144128893293,14.049143647257,-11.090333375654625,5.56960573320388,-30.787068794017564,19.560385256955975,-406.61069837148216,159.65495791877723,366.1953285803513
2022-01-31,0.8824504919852938,-4.380735308943043,14.325783990222304,-45.976784165529644,20.770245191139438,-4.519040472407298,-30.052868560365866,15.765577620320833,-215.52114920375408,15.422262858437573,322.44425755889444
2022-02-01,-0.4590770022115421,0.08847131842961435,-0.29419689294250834,-9.80558269751928,6.994169529765474,-30.222516701089937,-7.5702357569628616,-7.289588320735625,-4.9373507618003485,-54.83722771618354,196.55313500125058
2022-02-02,-1.7491208936503007,-1.058279470360143,-22.279192900718606,74.2006355756446,-86.57443154719908,-7.451517799822099,8.7420739993372,-24.343226512291956,6.889423425964617,13.431513368190208,128.3521227549056
2022-02-03,-0.6001147394676606,-8.018068867268004,7.412937679771517,-144.63383012617751,83.58627193160746,17.819244484392385,11.664814048686877,-22.177584545383144,8.253591146126531,-27.03405856072053,163.8967975484321
2022-02-04,3.0028023035392732,-11.92507884807792,0.9955345507538818,2.4186272874817245,-69.4962064277584,33.257986026908824,10.027200643001558,-10.180577272805424,-42.57921587637592,-37.01681216442422,213.7657397777566
2022-02-07,1.7687509403838246,-0.6715223507736775,-10.013905641496162,-149.46662632462932,85.59706951647128,30.10593607261327,7.080574638706195,1.2493374154073158,-148.09305128723517,34.13872601694939,239.55471100360305
2022-02-08,-2.037971351378379,2.0929049333959497,-46.56112072071011,70.1148118548443,-71.84555941029049,8.117939026868727,0.3989005439786765,4.8651689671749905,-217.9559608532092,100.57417318297641,241.55671382634912
2022-02-09,-2.075380029476281,-1.1597542818288187,1.7122598296725278,-38.98971073589799,24.876428214096332,-13.131629312440408,-7.938272216368775,-0.9904649736439634,-146.91188496981584,42.46247471149926,231.71593376420398
2022-02-10,-4.141257641708206,1.2767611392383722,-18.287931216311282,11.992336083391287,-21.796399888796724,8.026734491132293,-6.584791635263573,-12.091471117502705,-34.12362022919893,-53.171499207496524,218.731139222516
2022-02-11,1.6304043830562067,-1.2190793572135596,14.152158745600973,-39.70476104691726,13.668374301958156,-10.864306201776685,1.3667285407606733,-19.193797038738783,3.942656039144015,-83.51891905686328,212.84054069098954
2022-02-14,-3.5194811698024346,6.418961439619178,-3.014368256519197,-8.380210118140468,-10.312966429736177,0.519238690807714,-2.2909950994641997,-13.334033921574493,-85.7434591160464,-9.856864706441993,225.03417868729846
